evidence,matched_node,paper_id,ppr,rank,reviewer,status,title
"I would like to point out some potential additional papers on algorithmic recourse which could complement some remarks made by the authors: - Line 182 ""We did not identify any applications evaluated with humans in the loop"": there has been some development in providing human-in-the-loop algorithms to identify better recourse options: - [1] De Toni, Giovanni, et al. ""Personalized Algorithmic Recourse with Preference Elicitation."" Transactions on Machine Learning Research, https://openreview.net/forum?id=8sg2I9zXgO - Recommendation 4, ""Accounting for emergent effects"": there has been some research regarding providing recourse to multiple individuals, where they are competing for a limited pool of resources, looking also at the fairness of these systems: - [2] Fonseca, João, et al. ""Setting the right expectations: Algorithmic recourse over time."" Proceedings of the 3rd ACM Conference on Equity and Access in Algorithms, Mechanisms, and Optimization. https://dl.acm.org/doi/pdf/10.1145/3617694.3623251 - [3] Bell, Andrew, et al. ""Fairness in Algorithmic Recourse Through the Lens of Substantive Equality of Opportunity."" arXiv preprint arXiv:2401.16088, https://arxiv.org/pdf/2401.16088 - I also point the authors to some new papers considering human-in-the-loop interfaces for recourse (Recommendation 1, Section 5.1): - [4] Esfahani, Seyedehdelaram, et al. ""Preference Elicitation in Interactive and User-centered Algorithmic Recourse: an Initial Exploration."" Proceedings of the 32nd ACM Conference on User Modeling, Adaptation and Personalization. https://dl.acm.org/doi/pdf/10.1145/3627043.3659556 - [5] Koh, Seunghun, Byung Hyung Kim, and Sungho Jo. ""Understanding the User Perception and Experience of Interactive Algorithmic Recourse Customization."" ACM Transactions on Computer-Human Interaction. https://dl.acm.org/doi/pdf/10.1145/3674503",W4281984045,1,0.0,94,6I6fXRTVjm,pool_candidate,Personalized Algorithmic Recourse with Preference Elicitation.
"I would like to point out some potential additional papers on algorithmic recourse which could complement some remarks made by the authors: - Line 182 ""We did not identify any applications evaluated with humans in the loop"": there has been some development in providing human-in-the-loop algorithms to identify better recourse options: - [1] De Toni, Giovanni, et al. ""Personalized Algorithmic Recourse with Preference Elicitation."" Transactions on Machine Learning Research, https://openreview.net/forum?id=8sg2I9zXgO - Recommendation 4, ""Accounting for emergent effects"": there has been some research regarding providing recourse to multiple individuals, where they are competing for a limited pool of resources, looking also at the fairness of these systems: - [2] Fonseca, João, et al. ""Setting the right expectations: Algorithmic recourse over time."" Proceedings of the 3rd ACM Conference on Equity and Access in Algorithms, Mechanisms, and Optimization. https://dl.acm.org/doi/pdf/10.1145/3617694.3623251 - [3] Bell, Andrew, et al. ""Fairness in Algorithmic Recourse Through the Lens of Substantive Equality of Opportunity."" arXiv preprint arXiv:2401.16088, https://arxiv.org/pdf/2401.16088 - I also point the authors to some new papers considering human-in-the-loop interfaces for recourse (Recommendation 1, Section 5.1): - [4] Esfahani, Seyedehdelaram, et al. ""Preference Elicitation in Interactive and User-centered Algorithmic Recourse: an Initial Exploration."" Proceedings of the 32nd ACM Conference on User Modeling, Adaptation and Personalization. https://dl.acm.org/doi/pdf/10.1145/3627043.3659556 - [5] Koh, Seunghun, Byung Hyung Kim, and Sungho Jo. ""Understanding the User Perception and Experience of Interactive Algorithmic Recourse Customization."" ACM Transactions on Computer-Human Interaction. https://dl.acm.org/doi/pdf/10.1145/3674503",W4386755457,1,0.0,78,6I6fXRTVjm,pool_candidate,Setting the right expectations: Algorithmic recourse over time.
"I would like to point out some potential additional papers on algorithmic recourse which could complement some remarks made by the authors: - Line 182 ""We did not identify any applications evaluated with humans in the loop"": there has been some development in providing human-in-the-loop algorithms to identify better recourse options: - [1] De Toni, Giovanni, et al. ""Personalized Algorithmic Recourse with Preference Elicitation."" Transactions on Machine Learning Research, https://openreview.net/forum?id=8sg2I9zXgO - Recommendation 4, ""Accounting for emergent effects"": there has been some research regarding providing recourse to multiple individuals, where they are competing for a limited pool of resources, looking also at the fairness of these systems: - [2] Fonseca, João, et al. ""Setting the right expectations: Algorithmic recourse over time."" Proceedings of the 3rd ACM Conference on Equity and Access in Algorithms, Mechanisms, and Optimization. https://dl.acm.org/doi/pdf/10.1145/3617694.3623251 - [3] Bell, Andrew, et al. ""Fairness in Algorithmic Recourse Through the Lens of Substantive Equality of Opportunity."" arXiv preprint arXiv:2401.16088, https://arxiv.org/pdf/2401.16088 - I also point the authors to some new papers considering human-in-the-loop interfaces for recourse (Recommendation 1, Section 5.1): - [4] Esfahani, Seyedehdelaram, et al. ""Preference Elicitation in Interactive and User-centered Algorithmic Recourse: an Initial Exploration."" Proceedings of the 32nd ACM Conference on User Modeling, Adaptation and Personalization. https://dl.acm.org/doi/pdf/10.1145/3627043.3659556 - [5] Koh, Seunghun, Byung Hyung Kim, and Sungho Jo. ""Understanding the User Perception and Experience of Interactive Algorithmic Recourse Customization."" ACM Transactions on Computer-Human Interaction. https://dl.acm.org/doi/pdf/10.1145/3674503",W4391376763,1,0.0,98,6I6fXRTVjm,pool_candidate,Fairness in Algorithmic Recourse Through the Lens of Substantive Equality of Opportunity.
"I would like to point out some potential additional papers on algorithmic recourse which could complement some remarks made by the authors: - Line 182 ""We did not identify any applications evaluated with humans in the loop"": there has been some development in providing human-in-the-loop algorithms to identify better recourse options: - [1] De Toni, Giovanni, et al. ""Personalized Algorithmic Recourse with Preference Elicitation."" Transactions on Machine Learning Research, https://openreview.net/forum?id=8sg2I9zXgO - Recommendation 4, ""Accounting for emergent effects"": there has been some research regarding providing recourse to multiple individuals, where they are competing for a limited pool of resources, looking also at the fairness of these systems: - [2] Fonseca, João, et al. ""Setting the right expectations: Algorithmic recourse over time."" Proceedings of the 3rd ACM Conference on Equity and Access in Algorithms, Mechanisms, and Optimization. https://dl.acm.org/doi/pdf/10.1145/3617694.3623251 - [3] Bell, Andrew, et al. ""Fairness in Algorithmic Recourse Through the Lens of Substantive Equality of Opportunity."" arXiv preprint arXiv:2401.16088, https://arxiv.org/pdf/2401.16088 - I also point the authors to some new papers considering human-in-the-loop interfaces for recourse (Recommendation 1, Section 5.1): - [4] Esfahani, Seyedehdelaram, et al. ""Preference Elicitation in Interactive and User-centered Algorithmic Recourse: an Initial Exploration."" Proceedings of the 32nd ACM Conference on User Modeling, Adaptation and Personalization. https://dl.acm.org/doi/pdf/10.1145/3627043.3659556 - [5] Koh, Seunghun, Byung Hyung Kim, and Sungho Jo. ""Understanding the User Perception and Experience of Interactive Algorithmic Recourse Customization."" ACM Transactions on Computer-Human Interaction. https://dl.acm.org/doi/pdf/10.1145/3674503",,1,,,6I6fXRTVjm,not_in_pool_after_cutoff,Preference Elicitation in Interactive and User-centered Algorithmic Recourse: an Initial Exploration.
"I would like to point out some potential additional papers on algorithmic recourse which could complement some remarks made by the authors: - Line 182 ""We did not identify any applications evaluated with humans in the loop"": there has been some development in providing human-in-the-loop algorithms to identify better recourse options: - [1] De Toni, Giovanni, et al. ""Personalized Algorithmic Recourse with Preference Elicitation."" Transactions on Machine Learning Research, https://openreview.net/forum?id=8sg2I9zXgO - Recommendation 4, ""Accounting for emergent effects"": there has been some research regarding providing recourse to multiple individuals, where they are competing for a limited pool of resources, looking also at the fairness of these systems: - [2] Fonseca, João, et al. ""Setting the right expectations: Algorithmic recourse over time."" Proceedings of the 3rd ACM Conference on Equity and Access in Algorithms, Mechanisms, and Optimization. https://dl.acm.org/doi/pdf/10.1145/3617694.3623251 - [3] Bell, Andrew, et al. ""Fairness in Algorithmic Recourse Through the Lens of Substantive Equality of Opportunity."" arXiv preprint arXiv:2401.16088, https://arxiv.org/pdf/2401.16088 - I also point the authors to some new papers considering human-in-the-loop interfaces for recourse (Recommendation 1, Section 5.1): - [4] Esfahani, Seyedehdelaram, et al. ""Preference Elicitation in Interactive and User-centered Algorithmic Recourse: an Initial Exploration."" Proceedings of the 32nd ACM Conference on User Modeling, Adaptation and Personalization. https://dl.acm.org/doi/pdf/10.1145/3627043.3659556 - [5] Koh, Seunghun, Byung Hyung Kim, and Sungho Jo. ""Understanding the User Perception and Experience of Interactive Algorithmic Recourse Customization."" ACM Transactions on Computer-Human Interaction. https://dl.acm.org/doi/pdf/10.1145/3674503",,1,,,6I6fXRTVjm,not_in_pool_after_cutoff,Understanding the User Perception and Experience of Interactive Algorithmic Recourse Customization.
"I have also noted some relevant recent works on causal RL that are missing from the survey:
 - Gun et al. ICML 2022 Provably Efficient Offline Reinforcement Learning for Partially Observable Markov Decision Processes
 - Pace et al. ICML 2023 Delphic Offline Reinforcement Learning under Nonidentifiable Hidden Confounding
 - Gasse et al. TMLR 2023 Using Confounded Data in Latent Model-Based Reinforcement Learning",,4,,,u6YH61BC3Z,not_in_pool_after_cutoff,Gun et al. ICML 2022 Provably Efficient Offline Reinforcement Learning for Partially Observable Markov Decision Processes
"I have also noted some relevant recent works on causal RL that are missing from the survey:
 - Gun et al. ICML 2022 Provably Efficient Offline Reinforcement Learning for Partially Observable Markov Decision Processes
 - Pace et al. ICML 2023 Delphic Offline Reinforcement Learning under Nonidentifiable Hidden Confounding
 - Gasse et al. TMLR 2023 Using Confounded Data in Latent Model-Based Reinforcement Learning",,4,,,u6YH61BC3Z,not_in_pool_after_cutoff,Pace et al. ICML 2023 Delphic Offline Reinforcement Learning under Nonidentifiable Hidden Confounding
"I have also noted some relevant recent works on causal RL that are missing from the survey:
 - Gun et al. ICML 2022 Provably Efficient Offline Reinforcement Learning for Partially Observable Markov Decision Processes
 - Pace et al. ICML 2023 Delphic Offline Reinforcement Learning under Nonidentifiable Hidden Confounding
 - Gasse et al. TMLR 2023 Using Confounded Data in Latent Model-Based Reinforcement Learning",,4,,,u6YH61BC3Z,not_in_pool_after_cutoff,Gasse et al. TMLR 2023 Using Confounded Data in Latent Model-Based Reinforcement Learning
"An interesting part of closely related literature is that on transportability [3]. Transportability is a graphical approach that encodes exactly which mechanisms of the SCM remain unperturbed in a new environment, and provides rules for who such invariances could be leveraged. Definitely worth mentioning here, I believe.",,4,,,XAwGdqrZhw,not_in_pool_after_cutoff,"Pearl, Judea, and Elias Bareinboim. ""External validity: From do-calculus to transportability across populations."" Probabilistic and causal inference: The works of Judea Pearl. 2022. 451-482."
"Valtorta and Shpitser references prove completeness of do-calculus for _inferring Layer 2 quantities from observational data_. A subsequent paper [4] proves completeness for Layer 3 quanties from obs. data. Finally, recent papers [5, 6] show completeness for Layer 2 / 3 from a combination of observational and experimental data. The latter works seem quite related, since RL may often have observational and experimental data simultaneously.",,4,,,XAwGdqrZhw,not_in_pool_after_cutoff,"Shpitser, Ilya, and Judea Pearl. ""What counterfactuals can be tested."" arXiv preprint arXiv:1206.5294 (2012)."
"Valtorta and Shpitser references prove completeness of do-calculus for _inferring Layer 2 quantities from observational data_. A subsequent paper [4] proves completeness for Layer 3 quanties from obs. data. Finally, recent papers [5, 6] show completeness for Layer 2 / 3 from a combination of observational and experimental data. The latter works seem quite related, since RL may often have observational and experimental data simultaneously.",,4,,,XAwGdqrZhw,not_in_pool_after_cutoff,"Lee, Sanghack, Juan D. Correa, and Elias Bareinboim. ""General identifiability with arbitrary surrogate experiments."" Uncertainty in artificial intelligence. PMLR, 2020."
"Valtorta and Shpitser references prove completeness of do-calculus for _inferring Layer 2 quantities from observational data_. A subsequent paper [4] proves completeness for Layer 3 quanties from obs. data. Finally, recent papers [5, 6] show completeness for Layer 2 / 3 from a combination of observational and experimental data. The latter works seem quite related, since RL may often have observational and experimental data simultaneously.",,4,,,XAwGdqrZhw,not_in_pool_after_cutoff,"Correa, Juan, Sanghack Lee, and Elias Bareinboim. ""Nested counterfactual identification from arbitrary surrogate experiments."" Advances in Neural Information Processing Systems 34 (2021): 6856-6867."
"Addressing Selection Bias (SB): There is a good amount of work on addressing selection bias using graphical models [7]. I am surprised this work is not mentioned, since the tools may well be useful for a Causal RL setting.",,4,,,XAwGdqrZhw,not_in_pool_after_cutoff,"Barenboim, Elias, Jin Tian, and Judea Pearl. ""Recovering from selection bias in causal and statistical inference."" Probabilistic and Causal Inference: The Works of Judea Pearl. 2022. 433-450."
"page 23, last paragraph: TBOW reference appears again for counterfactual reasoning. Furthermore, Kusner and Zhang references are mentioned for fairness, which is fine. However, a number of other results have appeared since, some directly related to fairness in decision-making settings. For example, in the context of causal bandits [8], or in the context of outcome-control [9]. A recent review appears in [10].",,4,,,XAwGdqrZhw,not_in_pool_after_cutoff,"Huang, Wen, Lu Zhang, and Xintao Wu. ""Achieving counterfactual fairness for causal bandit."" Proceedings of the AAAI Conference on Artificial Intelligence. Vol. 36. No. 6. 2022."
"page 23, last paragraph: TBOW reference appears again for counterfactual reasoning. Furthermore, Kusner and Zhang references are mentioned for fairness, which is fine. However, a number of other results have appeared since, some directly related to fairness in decision-making settings. For example, in the context of causal bandits [8], or in the context of outcome-control [9]. A recent review appears in [10].",,4,,,XAwGdqrZhw,not_in_pool_after_cutoff,"Plecko, Drago, and Elias Bareinboim. ""Causal Fairness for Outcome Control."" arXiv preprint arXiv:2306.05066 (2023)."
"page 23, last paragraph: TBOW reference appears again for counterfactual reasoning. Furthermore, Kusner and Zhang references are mentioned for fairness, which is fine. However, a number of other results have appeared since, some directly related to fairness in decision-making settings. For example, in the context of causal bandits [8], or in the context of outcome-control [9]. A recent review appears in [10].",,4,,,XAwGdqrZhw,not_in_pool_after_cutoff,"Carey, Alycia N., and Xintao Wu. ""The causal fairness field guide: Perspectives from social and formal sciences."" Frontiers in Big Data 5 (2022): 892837."
"page 24, first paragraph, 'Through counterfactual reasoning we can explore fairness...': there is a huge amount of complexity hidden here, and the term counterfactual reasoning is used very cursory. A recent organization of various quantities appearing in the literature can be found in [11, Fig. 12].",,4,,,XAwGdqrZhw,not_in_pool_after_cutoff,"Plecko, Drago, and Elias Bareinboim. ""Causal fairness analysis."" arXiv preprint arXiv:2207.11385 (2022)."
"It may be worth discussing the following:

[AGGPS, ICML '23] ""On the Privacy-Robustness-Utility Trilemma in Distributed Learning""

[AKFJG, ICML '24] ""The Privacy Power of Correlated Noise in Decentralized Learning""",,5,,,PIyWlmD58k,not_in_pool_after_cutoff,"[AGGPS, ICML '23] ""On the Privacy-Robustness-Utility Trilemma in Distributed Learning"""
"It may be worth discussing the following:

[AGGPS, ICML '23] ""On the Privacy-Robustness-Utility Trilemma in Distributed Learning""

[AKFJG, ICML '24] ""The Privacy Power of Correlated Noise in Decentralized Learning""",,5,,,PIyWlmD58k,not_in_pool_after_cutoff,"[AKFJG, ICML '24] ""The Privacy Power of Correlated Noise in Decentralized Learning"""
"The authors may consider adding related work in the line of text generation: Zhu, Wanrong, et al. ""Visualize Before You Write: Imagination-Guided Open-Ended Text Generation."" arXiv preprint arXiv:2210.03765 (2022).",,9,,,vz0X75lixR,not_in_pool_after_cutoff,"Zhu, Wanrong, et al. ""Visualize Before You Write: Imagination-Guided Open-Ended Text Generation."" arXiv preprint arXiv:2210.03765 (2022)."
"If the authors focus on broad discussion of *retrieval augmented*, more works in the field of AI creation[1,2], multimodal dialogue[3,4], etc, may be mentioned.",,9,,,Zz37fqPort,not_in_pool_after_cutoff,Neural Storyboard Artist: Visualizing Stories with Coherent Image Sequences
"If the authors focus on broad discussion of *retrieval augmented*, more works in the field of AI creation[1,2], multimodal dialogue[3,4], etc, may be mentioned.",,9,,,Zz37fqPort,not_in_pool_after_cutoff,Multi-Modal Experience Inspired AI Creation
"If the authors focus on broad discussion of *retrieval augmented*, more works in the field of AI creation[1,2], multimodal dialogue[3,4], etc, may be mentioned.",,9,,,Zz37fqPort,not_in_pool_after_cutoff,Maria: A Visual Experience Powered Conversational Agent
"If the authors focus on broad discussion of *retrieval augmented*, more works in the field of AI creation[1,2], multimodal dialogue[3,4], etc, may be mentioned.",,9,,,Zz37fqPort,already_cited,Text is NOT Enough: Integrating Visual Impressions into Open-domain Dialogue Generation
notable exception was generative models for synthesis plans [1-2].,,10,,,l8vILDA7UB,not_in_pool_after_cutoff,Barking up the right tree: an approach to search over molecule synthesis DAGs
notable exception was generative models for synthesis plans [1-2].,,10,,,l8vILDA7UB,not_in_pool_after_cutoff,Learning To Navigate The Synthetically Accessible Chemical Space Using Reinforcement Learning
"While many existing papers and references are already included, a review paper should hopefully be exhaustive, so some more references listed in the ""References"" section of my review could also be included. Specifically, things that could also be mentioned include: - Pistachio dataset [8] which was also used in some of the works, either for testing generalization [2] or for pretraining [10] - More single-step models: [7] - More search algorithms: [1, 9] - Papers performing a holistic evaluation of several approaches and discussing potential pitfalls: [2-5] - Finally, there is also some work on retrosynthesis-driven drug-design [6] which often doesn't follow the backward retrosynthetic search blueprint, which may be out of scope for this review, depending on the authors' preference.",W4300979635,10,0.0,50,HFg2PuZ5zb,pool_candidate,"Liu et al, ""FusionRetro: Molecule Representation Fusion via In-Context Learning for Retrosynthetic Planning"""
"While many existing papers and references are already included, a review paper should hopefully be exhaustive, so some more references listed in the ""References"" section of my review could also be included. Specifically, things that could also be mentioned include: - Pistachio dataset [8] which was also used in some of the works, either for testing generalization [2] or for pretraining [10] - More single-step models: [7] - More search algorithms: [1, 9] - Papers performing a holistic evaluation of several approaches and discussing potential pitfalls: [2-5] - Finally, there is also some work on retrosynthesis-driven drug-design [6] which often doesn't follow the backward retrosynthetic search blueprint, which may be out of scope for this review, depending on the authors' preference.",,10,,,HFg2PuZ5zb,not_in_pool_after_cutoff,"Maziarz et al, ""Re-evaluating Retrosynthesis Algorithms with Syntheseus"""
"While many existing papers and references are already included, a review paper should hopefully be exhaustive, so some more references listed in the ""References"" section of my review could also be included. Specifically, things that could also be mentioned include: - Pistachio dataset [8] which was also used in some of the works, either for testing generalization [2] or for pretraining [10] - More single-step models: [7] - More search algorithms: [1, 9] - Papers performing a holistic evaluation of several approaches and discussing potential pitfalls: [2-5] - Finally, there is also some work on retrosynthesis-driven drug-design [6] which often doesn't follow the backward retrosynthetic search blueprint, which may be out of scope for this review, depending on the authors' preference.",,10,,,HFg2PuZ5zb,not_in_pool_after_cutoff,"Hassen et al, ""Mind the Retrosynthesis Gap: Bridging the divide between Single-step and Multi-step Retrosynthesis Prediction"""
"While many existing papers and references are already included, a review paper should hopefully be exhaustive, so some more references listed in the ""References"" section of my review could also be included. Specifically, things that could also be mentioned include: - Pistachio dataset [8] which was also used in some of the works, either for testing generalization [2] or for pretraining [10] - More single-step models: [7] - More search algorithms: [1, 9] - Papers performing a holistic evaluation of several approaches and discussing potential pitfalls: [2-5] - Finally, there is also some work on retrosynthesis-driven drug-design [6] which often doesn't follow the backward retrosynthetic search blueprint, which may be out of scope for this review, depending on the authors' preference.",W4391826941,10,0.0,27,HFg2PuZ5zb,pool_candidate,"Torren-Peraire et al, ""Models Matter: The Impact of Single-Step Retrosynthesis on Synthesis Planning"""
"While many existing papers and references are already included, a review paper should hopefully be exhaustive, so some more references listed in the ""References"" section of my review could also be included. Specifically, things that could also be mentioned include: - Pistachio dataset [8] which was also used in some of the works, either for testing generalization [2] or for pretraining [10] - More single-step models: [7] - More search algorithms: [1, 9] - Papers performing a holistic evaluation of several approaches and discussing potential pitfalls: [2-5] - Finally, there is also some work on retrosynthesis-driven drug-design [6] which often doesn't follow the backward retrosynthetic search blueprint, which may be out of scope for this review, depending on the authors' preference.",,10,,,HFg2PuZ5zb,not_in_pool_after_cutoff,"Tripp et al, ""Re-evaluating Chemical Synthesis Planning Algorithms"""
"While many existing papers and references are already included, a review paper should hopefully be exhaustive, so some more references listed in the ""References"" section of my review could also be included. Specifically, things that could also be mentioned include: - Pistachio dataset [8] which was also used in some of the works, either for testing generalization [2] or for pretraining [10] - More single-step models: [7] - More search algorithms: [1, 9] - Papers performing a holistic evaluation of several approaches and discussing potential pitfalls: [2-5] - Finally, there is also some work on retrosynthesis-driven drug-design [6] which often doesn't follow the backward retrosynthetic search blueprint, which may be out of scope for this review, depending on the authors' preference.",,10,,,HFg2PuZ5zb,not_in_pool_after_cutoff,"Bradshaw et al, ""A Model to Search for Synthesizable Molecules"""
"While many existing papers and references are already included, a review paper should hopefully be exhaustive, so some more references listed in the ""References"" section of my review could also be included. Specifically, things that could also be mentioned include: - Pistachio dataset [8] which was also used in some of the works, either for testing generalization [2] or for pretraining [10] - More single-step models: [7] - More search algorithms: [1, 9] - Papers performing a holistic evaluation of several approaches and discussing potential pitfalls: [2-5] - Finally, there is also some work on retrosynthesis-driven drug-design [6] which often doesn't follow the backward retrosynthetic search blueprint, which may be out of scope for this review, depending on the authors' preference.",,10,,,HFg2PuZ5zb,not_in_pool_after_cutoff,"Zhong et al, ""Root-aligned SMILES: A Tight Representation for Chemical Reaction Prediction"""
"While many existing papers and references are already included, a review paper should hopefully be exhaustive, so some more references listed in the ""References"" section of my review could also be included. Specifically, things that could also be mentioned include: - Pistachio dataset [8] which was also used in some of the works, either for testing generalization [2] or for pretraining [10] - More single-step models: [7] - More search algorithms: [1, 9] - Papers performing a holistic evaluation of several approaches and discussing potential pitfalls: [2-5] - Finally, there is also some work on retrosynthesis-driven drug-design [6] which often doesn't follow the backward retrosynthetic search blueprint, which may be out of scope for this review, depending on the authors' preference.",,10,,,HFg2PuZ5zb,not_in_pool_after_cutoff,"Mayfield et al, ""Pistachio: Search and Faceting of Large Reaction Databases"""
"While many existing papers and references are already included, a review paper should hopefully be exhaustive, so some more references listed in the ""References"" section of my review could also be included. Specifically, things that could also be mentioned include: - Pistachio dataset [8] which was also used in some of the works, either for testing generalization [2] or for pretraining [10] - More single-step models: [7] - More search algorithms: [1, 9] - Papers performing a holistic evaluation of several approaches and discussing potential pitfalls: [2-5] - Finally, there is also some work on retrosynthesis-driven drug-design [6] which often doesn't follow the backward retrosynthetic search blueprint, which may be out of scope for this review, depending on the authors' preference.",W4387688066,10,0.0,43,HFg2PuZ5zb,pool_candidate,"Tripp et al, ""Retro-fallback: retrosynthetic planning in an uncertain world"""
"In Section 3.4, the authors did not cite the paper of Deep Sets++ and Set Transformer++.",,11,,,1KSIJbVRRW,already_cited,Deep Sets++
"In Section 3.4, the authors did not cite the paper of Deep Sets++ and Set Transformer++.",W2953273646,11,0.001632683854339403,5,1KSIJbVRRW,pool_candidate,Set Transformer++
"1. Distilled Prompt Learning for Incomplete Multimodal Survival Prediction, CVPR 2025 [distilled models category] 
2. A deep learning model to predict RNA-Seq expression of tumours from whole slide images, Nature Comm 2020 [modality generation]
3. Deep Learning-Inferred Multiplex ImmunoFluorescence for Immunohistochemical Image Quantification, Nature Mac Intl 2022 [modality generation]",,12,,,49vtJa8DET,not_in_pool_after_cutoff,"Distilled Prompt Learning for Incomplete Multimodal Survival Prediction, CVPR 2025"
"1. Distilled Prompt Learning for Incomplete Multimodal Survival Prediction, CVPR 2025 [distilled models category] 
2. A deep learning model to predict RNA-Seq expression of tumours from whole slide images, Nature Comm 2020 [modality generation]
3. Deep Learning-Inferred Multiplex ImmunoFluorescence for Immunohistochemical Image Quantification, Nature Mac Intl 2022 [modality generation]",,12,,,49vtJa8DET,not_in_pool_after_cutoff,"A deep learning model to predict RNA-Seq expression of tumours from whole slide images, Nature Comm 2020"
"1. Distilled Prompt Learning for Incomplete Multimodal Survival Prediction, CVPR 2025 [distilled models category] 
2. A deep learning model to predict RNA-Seq expression of tumours from whole slide images, Nature Comm 2020 [modality generation]
3. Deep Learning-Inferred Multiplex ImmunoFluorescence for Immunohistochemical Image Quantification, Nature Mac Intl 2022 [modality generation]",,12,,,49vtJa8DET,not_in_pool_after_cutoff,"Deep Learning-Inferred Multiplex ImmunoFluorescence for Immunohistochemical Image Quantification, Nature Mac Intl 2022"
"A few missing citations
- When discussing architectures in DRL, please consider cite IMPALA [1]
- Deep Transformer Q-Networks [2] uses transformer with observation history as input, and the bellman loss is trained for multiple time-steps together.
- [3] discusses applying ViT to RL",,13,,,ZkIXkjzLfA,not_in_pool_after_cutoff,"IMPALA: Scalable Distributed Deep-RL with Importance Weighted Actor-Learner Architectures. Espeholt et al., 2018"
"A few missing citations
- When discussing architectures in DRL, please consider cite IMPALA [1]
- Deep Transformer Q-Networks [2] uses transformer with observation history as input, and the bellman loss is trained for multiple time-steps together.
- [3] discusses applying ViT to RL",W4281725229,13,0.0,84,ZkIXkjzLfA,pool_candidate,"Deep transformer q-networks for partially observable reinforcement learning. Esslinger et al., 2022"
"A few missing citations
- When discussing architectures in DRL, please consider cite IMPALA [1]
- Deep Transformer Q-Networks [2] uses transformer with observation history as input, and the bellman loss is trained for multiple time-steps together.
- [3] discusses applying ViT to RL",,13,,,ZkIXkjzLfA,not_in_pool_after_cutoff,"Stabilizing Deep Q-Learning with ConvNets and Vision Transformers under Data Augmentation. Hansen et al., 2021"
"Transfer learning box: ""Pan"" reference missing.",,15,,,LyHjFZrpQw,not_in_pool_after_cutoff,Pan
"The exclusion of papers such as Henderson et al ( https://arxiv.org/abs/1709.06560 ) or Lipton and Steinhardt ( https://arxiv.org/abs/1807.03341 ) and Sculley et al ( https://openreview.net/forum?id=rJWF0Fywf ) is not clear. ... it is a surprise that this [Henderson et al] is not included. ... Discussions such as Rogers ( https://hackingsemantics.xyz/2023/closed-baselines/ ) seem relevant and related, but are not discussed. ... external evaluation of models (eg https://arxiv.org/abs/2305.15324 and https://doi.org/10.1145/3306618.3314244 ). ... Examples include https://arxiv.org/abs/1810.03993 , https://arxiv.org/abs/1803.09010 , and https://arxiv.org/abs/2204.10817",,16,,,fNXwbe68rq,not_in_pool_after_cutoff,Henderson et al (https://arxiv.org/abs/1709.06560)
"The exclusion of papers such as Henderson et al ( https://arxiv.org/abs/1709.06560 ) or Lipton and Steinhardt ( https://arxiv.org/abs/1807.03341 ) and Sculley et al ( https://openreview.net/forum?id=rJWF0Fywf ) is not clear. ... it is a surprise that this [Henderson et al] is not included. ... Discussions such as Rogers ( https://hackingsemantics.xyz/2023/closed-baselines/ ) seem relevant and related, but are not discussed. ... external evaluation of models (eg https://arxiv.org/abs/2305.15324 and https://doi.org/10.1145/3306618.3314244 ). ... Examples include https://arxiv.org/abs/1810.03993 , https://arxiv.org/abs/1803.09010 , and https://arxiv.org/abs/2204.10817",,16,,,fNXwbe68rq,not_in_pool_after_cutoff,Lipton and Steinhardt (https://arxiv.org/abs/1807.03341)
"The exclusion of papers such as Henderson et al ( https://arxiv.org/abs/1709.06560 ) or Lipton and Steinhardt ( https://arxiv.org/abs/1807.03341 ) and Sculley et al ( https://openreview.net/forum?id=rJWF0Fywf ) is not clear. ... it is a surprise that this [Henderson et al] is not included. ... Discussions such as Rogers ( https://hackingsemantics.xyz/2023/closed-baselines/ ) seem relevant and related, but are not discussed. ... external evaluation of models (eg https://arxiv.org/abs/2305.15324 and https://doi.org/10.1145/3306618.3314244 ). ... Examples include https://arxiv.org/abs/1810.03993 , https://arxiv.org/abs/1803.09010 , and https://arxiv.org/abs/2204.10817",,16,,,fNXwbe68rq,not_in_pool_after_cutoff,Sculley et al (https://openreview.net/forum?id=rJWF0Fywf)
"The exclusion of papers such as Henderson et al ( https://arxiv.org/abs/1709.06560 ) or Lipton and Steinhardt ( https://arxiv.org/abs/1807.03341 ) and Sculley et al ( https://openreview.net/forum?id=rJWF0Fywf ) is not clear. ... it is a surprise that this [Henderson et al] is not included. ... Discussions such as Rogers ( https://hackingsemantics.xyz/2023/closed-baselines/ ) seem relevant and related, but are not discussed. ... external evaluation of models (eg https://arxiv.org/abs/2305.15324 and https://doi.org/10.1145/3306618.3314244 ). ... Examples include https://arxiv.org/abs/1810.03993 , https://arxiv.org/abs/1803.09010 , and https://arxiv.org/abs/2204.10817",,16,,,fNXwbe68rq,not_in_pool_after_cutoff,https://arxiv.org/abs/2305.15324
"The exclusion of papers such as Henderson et al ( https://arxiv.org/abs/1709.06560 ) or Lipton and Steinhardt ( https://arxiv.org/abs/1807.03341 ) and Sculley et al ( https://openreview.net/forum?id=rJWF0Fywf ) is not clear. ... it is a surprise that this [Henderson et al] is not included. ... Discussions such as Rogers ( https://hackingsemantics.xyz/2023/closed-baselines/ ) seem relevant and related, but are not discussed. ... external evaluation of models (eg https://arxiv.org/abs/2305.15324 and https://doi.org/10.1145/3306618.3314244 ). ... Examples include https://arxiv.org/abs/1810.03993 , https://arxiv.org/abs/1803.09010 , and https://arxiv.org/abs/2204.10817",,16,,,fNXwbe68rq,not_in_pool_after_cutoff,https://doi.org/10.1145/3306618.3314244
"The exclusion of papers such as Henderson et al ( https://arxiv.org/abs/1709.06560 ) or Lipton and Steinhardt ( https://arxiv.org/abs/1807.03341 ) and Sculley et al ( https://openreview.net/forum?id=rJWF0Fywf ) is not clear. ... it is a surprise that this [Henderson et al] is not included. ... Discussions such as Rogers ( https://hackingsemantics.xyz/2023/closed-baselines/ ) seem relevant and related, but are not discussed. ... external evaluation of models (eg https://arxiv.org/abs/2305.15324 and https://doi.org/10.1145/3306618.3314244 ). ... Examples include https://arxiv.org/abs/1810.03993 , https://arxiv.org/abs/1803.09010 , and https://arxiv.org/abs/2204.10817",,16,,,fNXwbe68rq,not_in_pool_after_cutoff,https://arxiv.org/abs/1810.03993
"The exclusion of papers such as Henderson et al ( https://arxiv.org/abs/1709.06560 ) or Lipton and Steinhardt ( https://arxiv.org/abs/1807.03341 ) and Sculley et al ( https://openreview.net/forum?id=rJWF0Fywf ) is not clear. ... it is a surprise that this [Henderson et al] is not included. ... Discussions such as Rogers ( https://hackingsemantics.xyz/2023/closed-baselines/ ) seem relevant and related, but are not discussed. ... external evaluation of models (eg https://arxiv.org/abs/2305.15324 and https://doi.org/10.1145/3306618.3314244 ). ... Examples include https://arxiv.org/abs/1810.03993 , https://arxiv.org/abs/1803.09010 , and https://arxiv.org/abs/2204.10817",,16,,,fNXwbe68rq,not_in_pool_after_cutoff,https://arxiv.org/abs/1803.09010
"The exclusion of papers such as Henderson et al ( https://arxiv.org/abs/1709.06560 ) or Lipton and Steinhardt ( https://arxiv.org/abs/1807.03341 ) and Sculley et al ( https://openreview.net/forum?id=rJWF0Fywf ) is not clear. ... it is a surprise that this [Henderson et al] is not included. ... Discussions such as Rogers ( https://hackingsemantics.xyz/2023/closed-baselines/ ) seem relevant and related, but are not discussed. ... external evaluation of models (eg https://arxiv.org/abs/2305.15324 and https://doi.org/10.1145/3306618.3314244 ). ... Examples include https://arxiv.org/abs/1810.03993 , https://arxiv.org/abs/1803.09010 , and https://arxiv.org/abs/2204.10817",,16,,,fNXwbe68rq,not_in_pool_after_cutoff,https://arxiv.org/abs/2204.10817
"Should talk about reward learning (https://arxiv.org/abs/1706.03741), reward hacking (https://openreview.net/forum?id=yb3HOXO3lX2), goal misgeneralization (https://arxiv.org/abs/2105.14111)",,17,,,Nw12xEqKVY,not_in_pool_after_cutoff,reward learning (https://arxiv.org/abs/1706.03741)
"Should talk about reward learning (https://arxiv.org/abs/1706.03741), reward hacking (https://openreview.net/forum?id=yb3HOXO3lX2), goal misgeneralization (https://arxiv.org/abs/2105.14111)",,17,,,Nw12xEqKVY,not_in_pool_after_cutoff,reward hacking (https://openreview.net/forum?id=yb3HOXO3lX2)
"Should talk about reward learning (https://arxiv.org/abs/1706.03741), reward hacking (https://openreview.net/forum?id=yb3HOXO3lX2), goal misgeneralization (https://arxiv.org/abs/2105.14111)",,17,,,Nw12xEqKVY,not_in_pool_after_cutoff,goal misgeneralization (https://arxiv.org/abs/2105.14111)
"This section should include details on pre-transfer attention. For example, [1] uses attention over word and phrase representations in a hierarchical fashion to learn enhanced document representations.",,19,,,jDF7lp02Mw,not_in_pool_after_cutoff,[1] https://aclanthology.org/N16-1174/
"Extreme multi-label learning approaches could be included in this category. For example, AttentionXML [2] employs interaction between query-documents. DEXA [3] introduces free parameters (in addition to textual features) to enhance the document representations (as per this paper's terminology).",,19,,,jDF7lp02Mw,not_in_pool_after_cutoff,[2] https://arxiv.org/abs/1811.01727
"Extreme multi-label learning approaches could be included in this category. For example, AttentionXML [2] employs interaction between query-documents. DEXA [3] introduces free parameters (in addition to textual features) to enhance the document representations (as per this paper's terminology).",,19,,,jDF7lp02Mw,not_in_pool_after_cutoff,[3] https://dl.acm.org/doi/10.1145/3580305.3599301
"The paper seems to be missing on Sentence-BERT [4], which is a crucial paper in adapting BERT style models to learn effective sentence representations for IR. Some discussion should be included on ModernBERT [5] and [6] as well.",,19,,,jDF7lp02Mw,not_in_pool_after_cutoff,[4] https://arxiv.org/pdf/1908.10084
"The paper seems to be missing on Sentence-BERT [4], which is a crucial paper in adapting BERT style models to learn effective sentence representations for IR. Some discussion should be included on ModernBERT [5] and [6] as well.",,19,,,jDF7lp02Mw,not_in_pool_after_cutoff,[5] https://arxiv.org/abs/2412.13663
"The paper seems to be missing on Sentence-BERT [4], which is a crucial paper in adapting BERT style models to learn effective sentence representations for IR. Some discussion should be included on ModernBERT [5] and [6] as well.",,19,,,jDF7lp02Mw,not_in_pool_after_cutoff,[6] https://openreview.net/forum?id=SyK00v5xx
"The survey appears to omit some relevant recent computer-use-agent work, for example, OpenCUA, which seems closely related to the paper's open-world evaluation discussion.",,21,,,HHl9LkRol0,not_in_pool_after_cutoff,OpenCUA
I believe the scratch pad paper and Cobbe et al proposed the original ideas here. Please see this thread for relevant division: https://twitter.com/gstsdn/status/1533841505172922369?s=46&t=YDJSnSYS3msxPvOtE0K2Og And fix the citations and language to reflect this.,,23,,,HVn8tEzIT7,not_in_pool_after_cutoff,scratch pad paper
I believe the scratch pad paper and Cobbe et al proposed the original ideas here. Please see this thread for relevant division: https://twitter.com/gstsdn/status/1533841505172922369?s=46&t=YDJSnSYS3msxPvOtE0K2Og And fix the citations and language to reflect this.,,23,,,HVn8tEzIT7,not_in_pool_after_cutoff,Cobbe et al
"In Section 2.4.2, for the Vector Quantization section, when presenting the training objective of vector quantization, the authors could add reference for the VQ-VAE work [1].",,25,,,sVwJqEUrY8,not_in_pool_after_cutoff,"Van Den Oord, Aaron, and Oriol Vinyals. ""Neural discrete representation learning."" In Advances in neural information processing systems, 2017."
"Some related work is missing: [A] Xu, Yangyang, Yibo Yang, and Lefei Zhang. 'Multi-task learning with knowledge distillation for dense prediction.' Proceedings of the IEEE/CVF International Conference on Computer Vision. 2023. [B] Li, Wei-Hong, and Hakan Bilen. 'Knowledge distillation for multi-task learning.' European Conference on Computer Vision. Cham: Springer International Publishing, 2020. [C] Li, Wei-Hong, Xialei Liu, and Hakan Bilen. 'Universal representations: A unified look at multiple task and domain learning.' International Journal of Computer Vision 132.5 (2024): 1521-1545.",,26,,,p6tZUqmOXF,not_in_pool_after_cutoff,"Xu, Yangyang, Yibo Yang, and Lefei Zhang. 'Multi-task learning with knowledge distillation for dense prediction.' Proceedings of the IEEE/CVF International Conference on Computer Vision. 2023."
"Some related work is missing: [A] Xu, Yangyang, Yibo Yang, and Lefei Zhang. 'Multi-task learning with knowledge distillation for dense prediction.' Proceedings of the IEEE/CVF International Conference on Computer Vision. 2023. [B] Li, Wei-Hong, and Hakan Bilen. 'Knowledge distillation for multi-task learning.' European Conference on Computer Vision. Cham: Springer International Publishing, 2020. [C] Li, Wei-Hong, Xialei Liu, and Hakan Bilen. 'Universal representations: A unified look at multiple task and domain learning.' International Journal of Computer Vision 132.5 (2024): 1521-1545.",,26,,,p6tZUqmOXF,not_in_pool_after_cutoff,"Li, Wei-Hong, and Hakan Bilen. 'Knowledge distillation for multi-task learning.' European Conference on Computer Vision. Cham: Springer International Publishing, 2020."
"Some related work is missing: [A] Xu, Yangyang, Yibo Yang, and Lefei Zhang. 'Multi-task learning with knowledge distillation for dense prediction.' Proceedings of the IEEE/CVF International Conference on Computer Vision. 2023. [B] Li, Wei-Hong, and Hakan Bilen. 'Knowledge distillation for multi-task learning.' European Conference on Computer Vision. Cham: Springer International Publishing, 2020. [C] Li, Wei-Hong, Xialei Liu, and Hakan Bilen. 'Universal representations: A unified look at multiple task and domain learning.' International Journal of Computer Vision 132.5 (2024): 1521-1545.",,26,,,p6tZUqmOXF,not_in_pool_after_cutoff,"Li, Wei-Hong, Xialei Liu, and Hakan Bilen. 'Universal representations: A unified look at multiple task and domain learning.' International Journal of Computer Vision 132.5 (2024): 1521-1545."
"For example, 'Compact Language Models via Pruning and Knowledge Distillation' (Nvidia Minitron, Neurips'24) introduces their design and effort in distilling the smaller LLMs in pretraining stage and explores different design choices. Also in technical reports of Gemma 3, Qwen-3, etc, they introduces their application of distillation to industrial LLMs.",,26,,,a3nHXDup96,not_in_pool_after_cutoff,"Compact Language Models via Pruning and Knowledge Distillation (Nvidia Minitron, Neurips'24)"
"For example, 'Compact Language Models via Pruning and Knowledge Distillation' (Nvidia Minitron, Neurips'24) introduces their design and effort in distilling the smaller LLMs in pretraining stage and explores different design choices. Also in technical reports of Gemma 3, Qwen-3, etc, they introduces their application of distillation to industrial LLMs.",,26,,,a3nHXDup96,already_cited,Gemma 3 technical report
"For example, 'Compact Language Models via Pruning and Knowledge Distillation' (Nvidia Minitron, Neurips'24) introduces their design and effort in distilling the smaller LLMs in pretraining stage and explores different design choices. Also in technical reports of Gemma 3, Qwen-3, etc, they introduces their application of distillation to industrial LLMs.",,26,,,a3nHXDup96,not_in_pool_after_cutoff,Qwen-3 technical report
"1. I mentioned incomplete coverage of core papers in the flourishing of RLHF, here’s a list of papers I grabbed from a blog post from early 2023 that should be considered (coverage was pretty good in checking this): - GopherCite: Teaching language models to support answers with verified quotes (Menick et al. 2022): Train a LM with RLHF to return answers with specific citations. - Dynamic Planning in Open-Ended Dialogue using Reinforcement Learning (Cohen at al. 2022): Using RL to enhance the conversational skill of an open-ended dialogue agent. - Llama 2 (Touvron et al. 2023): Impactful open-access model with substantial RLHF details. - The first paper to do KL penalties for sequences https://arxiv.org/abs/1611.02796 (section 5.2.1 addition)",,28,,,48PSVQAz2m,not_in_pool_after_cutoff,GopherCite: Teaching language models to support answers with verified quotes
"1. I mentioned incomplete coverage of core papers in the flourishing of RLHF, here’s a list of papers I grabbed from a blog post from early 2023 that should be considered (coverage was pretty good in checking this): - GopherCite: Teaching language models to support answers with verified quotes (Menick et al. 2022): Train a LM with RLHF to return answers with specific citations. - Dynamic Planning in Open-Ended Dialogue using Reinforcement Learning (Cohen at al. 2022): Using RL to enhance the conversational skill of an open-ended dialogue agent. - Llama 2 (Touvron et al. 2023): Impactful open-access model with substantial RLHF details. - The first paper to do KL penalties for sequences https://arxiv.org/abs/1611.02796 (section 5.2.1 addition)",,28,,,48PSVQAz2m,not_in_pool_after_cutoff,Dynamic Planning in Open-Ended Dialogue using Reinforcement Learning
"1. I mentioned incomplete coverage of core papers in the flourishing of RLHF, here’s a list of papers I grabbed from a blog post from early 2023 that should be considered (coverage was pretty good in checking this): - GopherCite: Teaching language models to support answers with verified quotes (Menick et al. 2022): Train a LM with RLHF to return answers with specific citations. - Dynamic Planning in Open-Ended Dialogue using Reinforcement Learning (Cohen at al. 2022): Using RL to enhance the conversational skill of an open-ended dialogue agent. - Llama 2 (Touvron et al. 2023): Impactful open-access model with substantial RLHF details. - The first paper to do KL penalties for sequences https://arxiv.org/abs/1611.02796 (section 5.2.1 addition)",,28,,,48PSVQAz2m,not_in_pool_after_cutoff,Llama 2
"1. I mentioned incomplete coverage of core papers in the flourishing of RLHF, here’s a list of papers I grabbed from a blog post from early 2023 that should be considered (coverage was pretty good in checking this): - GopherCite: Teaching language models to support answers with verified quotes (Menick et al. 2022): Train a LM with RLHF to return answers with specific citations. - Dynamic Planning in Open-Ended Dialogue using Reinforcement Learning (Cohen at al. 2022): Using RL to enhance the conversational skill of an open-ended dialogue agent. - Llama 2 (Touvron et al. 2023): Impactful open-access model with substantial RLHF details. - The first paper to do KL penalties for sequences https://arxiv.org/abs/1611.02796 (section 5.2.1 addition)",,28,,,48PSVQAz2m,not_in_pool_after_cutoff,The first paper to do KL penalties for sequences (https://arxiv.org/abs/1611.02796)
"4. There can be citations added to the paper that support arguments, but they probably are more niche. A section that I felt like could use populating was 5.1.6 (and nearby). 1. Toward pluralistic alignment https://arxiv.org/abs/2402.05070 2. Social choice for AI alignment https://arxiv.org/abs/2404.10271v1 3. The History and Risks of Reinforcement Learning and Human Feedback, https://arxiv.org/abs/2310.13595",,28,,,48PSVQAz2m,not_in_pool_after_cutoff,Toward pluralistic alignment (https://arxiv.org/abs/2402.05070)
"4. There can be citations added to the paper that support arguments, but they probably are more niche. A section that I felt like could use populating was 5.1.6 (and nearby). 1. Toward pluralistic alignment https://arxiv.org/abs/2402.05070 2. Social choice for AI alignment https://arxiv.org/abs/2404.10271v1 3. The History and Risks of Reinforcement Learning and Human Feedback, https://arxiv.org/abs/2310.13595",,28,,,48PSVQAz2m,not_in_pool_after_cutoff,Social choice for AI alignment (https://arxiv.org/abs/2404.10271v1)
"4. There can be citations added to the paper that support arguments, but they probably are more niche. A section that I felt like could use populating was 5.1.6 (and nearby). 1. Toward pluralistic alignment https://arxiv.org/abs/2402.05070 2. Social choice for AI alignment https://arxiv.org/abs/2404.10271v1 3. The History and Risks of Reinforcement Learning and Human Feedback, https://arxiv.org/abs/2310.13595",,28,,,48PSVQAz2m,not_in_pool_after_cutoff,The History and Risks of Reinforcement Learning and Human Feedback (https://arxiv.org/abs/2310.13595)
8.3. 5.2 is missing references to a bunch of recent reward model ensembling and averaging papers: https://arxiv.org/abs/2312.09244 https://arxiv.org/abs/2401.12187,,28,,,48PSVQAz2m,not_in_pool_after_cutoff,https://arxiv.org/abs/2312.09244
8.3. 5.2 is missing references to a bunch of recent reward model ensembling and averaging papers: https://arxiv.org/abs/2312.09244 https://arxiv.org/abs/2401.12187,,28,,,48PSVQAz2m,not_in_pool_after_cutoff,https://arxiv.org/abs/2401.12187
8.4. 5.3 and the later evaluation section can include recent work on evaluating reward models (and generative reward models): https://arxiv.org/abs/2403.13787 https://arxiv.org/abs/2310.05470 https://arxiv.org/abs/2309.16155 (consistency eval is small),,28,,,48PSVQAz2m,not_in_pool_after_cutoff,https://arxiv.org/abs/2403.13787
8.4. 5.3 and the later evaluation section can include recent work on evaluating reward models (and generative reward models): https://arxiv.org/abs/2403.13787 https://arxiv.org/abs/2310.05470 https://arxiv.org/abs/2309.16155 (consistency eval is small),,28,,,48PSVQAz2m,not_in_pool_after_cutoff,https://arxiv.org/abs/2310.05470
8.4. 5.3 and the later evaluation section can include recent work on evaluating reward models (and generative reward models): https://arxiv.org/abs/2403.13787 https://arxiv.org/abs/2310.05470 https://arxiv.org/abs/2309.16155 (consistency eval is small),,28,,,48PSVQAz2m,not_in_pool_after_cutoff,https://arxiv.org/abs/2309.16155
"In other analog/neuromorphic modalities (such as in reversible, photonics-based, thermodynamic computing, etc) after encoding (load from ram, convert with dac), data may be copied and transported for free (or reused heavily), leading to fundamentally different scaling properties in their energy consumption [1, 2, 3].",,29,,,b3lVj7pFYb,not_in_pool_after_cutoff,"Large-Scale Optical Neural Networks Based on Photoelectric Multiplication, R. Hamerly et al., 2019"
"In other analog/neuromorphic modalities (such as in reversible, photonics-based, thermodynamic computing, etc) after encoding (load from ram, convert with dac), data may be copied and transported for free (or reused heavily), leading to fundamentally different scaling properties in their energy consumption [1, 2, 3].",,29,,,b3lVj7pFYb,not_in_pool_after_cutoff,"Optical Transformers, M. Anderson et al., 2024"
"In other analog/neuromorphic modalities (such as in reversible, photonics-based, thermodynamic computing, etc) after encoding (load from ram, convert with dac), data may be copied and transported for free (or reused heavily), leading to fundamentally different scaling properties in their energy consumption [1, 2, 3].",,29,,,b3lVj7pFYb,not_in_pool_after_cutoff,"Thermodynamic Computing System for AI Applications, D. Melanson et al., 2025"
"Also, please add the following references to the discussion (or comment on why they are not relevant): Chatterjee 2018: Learning and Memorization. Jiang et al. 2021: Characterizing Structural Regularities of Labeled Data in Overparameterized Models. Naseh et al. 2023: Understanding (Un)Intended Memorization in Text-to-Image Generative Models. Wang et al. 2024: Memorization in self-supervised learning improves downstream generalization.",,31,,,fwVoii65gK,not_in_pool_after_cutoff,Chatterjee 2018: Learning and Memorization
"Also, please add the following references to the discussion (or comment on why they are not relevant): Chatterjee 2018: Learning and Memorization. Jiang et al. 2021: Characterizing Structural Regularities of Labeled Data in Overparameterized Models. Naseh et al. 2023: Understanding (Un)Intended Memorization in Text-to-Image Generative Models. Wang et al. 2024: Memorization in self-supervised learning improves downstream generalization.",,31,,,fwVoii65gK,not_in_pool_after_cutoff,Jiang et al. 2021: Characterizing Structural Regularities of Labeled Data in Overparameterized Models
"Also, please add the following references to the discussion (or comment on why they are not relevant): Chatterjee 2018: Learning and Memorization. Jiang et al. 2021: Characterizing Structural Regularities of Labeled Data in Overparameterized Models. Naseh et al. 2023: Understanding (Un)Intended Memorization in Text-to-Image Generative Models. Wang et al. 2024: Memorization in self-supervised learning improves downstream generalization.",,31,,,fwVoii65gK,not_in_pool_after_cutoff,Naseh et al. 2023: Understanding (Un)Intended Memorization in Text-to-Image Generative Models
"Also, please add the following references to the discussion (or comment on why they are not relevant): Chatterjee 2018: Learning and Memorization. Jiang et al. 2021: Characterizing Structural Regularities of Labeled Data in Overparameterized Models. Naseh et al. 2023: Understanding (Un)Intended Memorization in Text-to-Image Generative Models. Wang et al. 2024: Memorization in self-supervised learning improves downstream generalization.",,31,,,fwVoii65gK,not_in_pool_after_cutoff,Wang et al. 2024: Memorization in self-supervised learning improves downstream generalization
"This is also closely related to the notion of stability ( Bousquet et al. 2002), which should be discussed here.",,31,,,bRmfsSKRNv,not_in_pool_after_cutoff,Bousquet et al. 2002
"On the second page, the authors state that 'no prior surveys have comprehensively discussed different architectures used in conditional GANs.' As GANs are a well-established topic, several well-known papers [1,2,3] offer insightful experiments and analyses related to conditioning methods and architectures, even if not solely focused on conditional aspects.",,33,,,2vZD81hnXN,not_in_pool_after_cutoff,"Wang et al., 'Generative Adversarial Networks in Computer Vision: A Survey and Taxonomy'"
"On the second page, the authors state that 'no prior surveys have comprehensively discussed different architectures used in conditional GANs.' As GANs are a well-established topic, several well-known papers [1,2,3] offer insightful experiments and analyses related to conditioning methods and architectures, even if not solely focused on conditional aspects.",,33,,,2vZD81hnXN,not_in_pool_after_cutoff,"Jabbar et al., 'A Survey on Generative Adversarial Networks: Variants, Applications, and Training'"
"On the second page, the authors state that 'no prior surveys have comprehensively discussed different architectures used in conditional GANs.' As GANs are a well-established topic, several well-known papers [1,2,3] offer insightful experiments and analyses related to conditioning methods and architectures, even if not solely focused on conditional aspects.",,33,,,2vZD81hnXN,not_in_pool_after_cutoff,"Kang et al., 'StudioGAN: A Taxonomy and Benchmark of GANs for Image Synthesis'"
"Please find below some (recent) works which could be added and discussed: - TFG: Unified Training-Free Guidance for Diffusion Models (https://arxiv.org/pdf/2409.15761) - A Survey on Diffusion Models for Inverse Problems (https://arxiv.org/pdf/2410.00083) - Extending RePaint, it would be interesting to mention further resampling-based methods; see, e.g., https://arxiv.org/abs/2305.08995, https://arxiv.org/abs/2307.08123, https://arxiv.org/abs/2403.06054, and https://arxiv.org/abs/2407.01521.",,35,,,JWuvMH2eUA,already_cited,TFG: Unified Training-Free Guidance for Diffusion Models
"Please find below some (recent) works which could be added and discussed: - TFG: Unified Training-Free Guidance for Diffusion Models (https://arxiv.org/pdf/2409.15761) - A Survey on Diffusion Models for Inverse Problems (https://arxiv.org/pdf/2410.00083) - Extending RePaint, it would be interesting to mention further resampling-based methods; see, e.g., https://arxiv.org/abs/2305.08995, https://arxiv.org/abs/2307.08123, https://arxiv.org/abs/2403.06054, and https://arxiv.org/abs/2407.01521.",,35,,,JWuvMH2eUA,not_in_pool_after_cutoff,https://arxiv.org/pdf/2409.15761
"Please find below some (recent) works which could be added and discussed: - TFG: Unified Training-Free Guidance for Diffusion Models (https://arxiv.org/pdf/2409.15761) - A Survey on Diffusion Models for Inverse Problems (https://arxiv.org/pdf/2410.00083) - Extending RePaint, it would be interesting to mention further resampling-based methods; see, e.g., https://arxiv.org/abs/2305.08995, https://arxiv.org/abs/2307.08123, https://arxiv.org/abs/2403.06054, and https://arxiv.org/abs/2407.01521.",,35,,,JWuvMH2eUA,already_cited,A Survey on Diffusion Models for Inverse Problems
"Please find below some (recent) works which could be added and discussed: - TFG: Unified Training-Free Guidance for Diffusion Models (https://arxiv.org/pdf/2409.15761) - A Survey on Diffusion Models for Inverse Problems (https://arxiv.org/pdf/2410.00083) - Extending RePaint, it would be interesting to mention further resampling-based methods; see, e.g., https://arxiv.org/abs/2305.08995, https://arxiv.org/abs/2307.08123, https://arxiv.org/abs/2403.06054, and https://arxiv.org/abs/2407.01521.",,35,,,JWuvMH2eUA,not_in_pool_after_cutoff,https://arxiv.org/pdf/2410.00083
"Please find below some (recent) works which could be added and discussed: - TFG: Unified Training-Free Guidance for Diffusion Models (https://arxiv.org/pdf/2409.15761) - A Survey on Diffusion Models for Inverse Problems (https://arxiv.org/pdf/2410.00083) - Extending RePaint, it would be interesting to mention further resampling-based methods; see, e.g., https://arxiv.org/abs/2305.08995, https://arxiv.org/abs/2307.08123, https://arxiv.org/abs/2403.06054, and https://arxiv.org/abs/2407.01521.",,35,,,JWuvMH2eUA,not_in_pool_after_cutoff,https://arxiv.org/abs/2305.08995
"Please find below some (recent) works which could be added and discussed: - TFG: Unified Training-Free Guidance for Diffusion Models (https://arxiv.org/pdf/2409.15761) - A Survey on Diffusion Models for Inverse Problems (https://arxiv.org/pdf/2410.00083) - Extending RePaint, it would be interesting to mention further resampling-based methods; see, e.g., https://arxiv.org/abs/2305.08995, https://arxiv.org/abs/2307.08123, https://arxiv.org/abs/2403.06054, and https://arxiv.org/abs/2407.01521.",,35,,,JWuvMH2eUA,not_in_pool_after_cutoff,https://arxiv.org/abs/2307.08123
"Please find below some (recent) works which could be added and discussed: - TFG: Unified Training-Free Guidance for Diffusion Models (https://arxiv.org/pdf/2409.15761) - A Survey on Diffusion Models for Inverse Problems (https://arxiv.org/pdf/2410.00083) - Extending RePaint, it would be interesting to mention further resampling-based methods; see, e.g., https://arxiv.org/abs/2305.08995, https://arxiv.org/abs/2307.08123, https://arxiv.org/abs/2403.06054, and https://arxiv.org/abs/2407.01521.",,35,,,JWuvMH2eUA,not_in_pool_after_cutoff,https://arxiv.org/abs/2403.06054
"Please find below some (recent) works which could be added and discussed: - TFG: Unified Training-Free Guidance for Diffusion Models (https://arxiv.org/pdf/2409.15761) - A Survey on Diffusion Models for Inverse Problems (https://arxiv.org/pdf/2410.00083) - Extending RePaint, it would be interesting to mention further resampling-based methods; see, e.g., https://arxiv.org/abs/2305.08995, https://arxiv.org/abs/2307.08123, https://arxiv.org/abs/2403.06054, and https://arxiv.org/abs/2407.01521.",,35,,,JWuvMH2eUA,not_in_pool_after_cutoff,https://arxiv.org/abs/2407.01521
"The core advantage of federated learning is to enhance the privacy... : it should be noted that local storage is not sufficient to prevent data from being leaked. It would be worth mentioning works on differentially private federated learning without a trusted server, e.g. [1] and [2] cited below. These works are also relevant to the discussion in section 6.4.1 about trusted third party approaches being vulnerable to inference attacks.",,36,,,HxQj4r7MNw,not_in_pool_after_cutoff,"Lowy, Andrew, and Meisam Razaviyayn. ""Private Federated Learning Without a Trusted Server: Optimal Algorithms for Convex Losses."" The Eleventh International Conference on Learning Representations. 2023."
"The core advantage of federated learning is to enhance the privacy... : it should be noted that local storage is not sufficient to prevent data from being leaked. It would be worth mentioning works on differentially private federated learning without a trusted server, e.g. [1] and [2] cited below. These works are also relevant to the discussion in section 6.4.1 about trusted third party approaches being vulnerable to inference attacks.",,36,,,HxQj4r7MNw,not_in_pool_after_cutoff,"Lowy, Andrew, Ali Ghafelebashi, and Meisam Razaviyayn. ""Private non-convex federated learning without a trusted server."" International Conference on Artificial Intelligence and Statistics. PMLR, 2023."
Some state-of-the-art works are missing. Please see Requested Changes.,,38,,,3KhbiYY8D3,not_in_pool_after_cutoff,"Robert Tjarko Lange, Tom Schaul, Yutian Chen, Tom Zahavy, Valentin Dalibard, Chris Lu, Satinder Singh, Sebastian Flennerhag: Discovering Evolution Strategies via Meta-Black-Box Optimization. ICLR 2023"
Some state-of-the-art works are missing. Please see Requested Changes.,,38,,,3KhbiYY8D3,not_in_pool_after_cutoff,"Mudita Sharma, Alexandros Komninos, Manuel López-Ibáñez, and Dimitar Kazakov. 2019. Deep reinforcement learning based parameter control in differential evolution. In Proceedings of the Genetic and Evolutionary Computation Conference (GECCO '19). Association for Computing Machinery, New York, NY, USA, 709–717. https://doi.org/10.1145/3321707.3321813"
Some state-of-the-art works are missing. Please see Requested Changes.,,38,,,3KhbiYY8D3,not_in_pool_after_cutoff,"J. Sun, X. Liu, T. Bäck and Z. Xu, ""Learning Adaptive Differential Evolution Algorithm From Optimization Experiences by Policy Gradient,"" in IEEE Transactions on Evolutionary Computation, vol. 25, no. 4, pp. 666-680, Aug. 2021, doi: 10.1109/TEVC.2021.3060811."
Some state-of-the-art works are missing. Please see Requested Changes.,,38,,,3KhbiYY8D3,not_in_pool_after_cutoff,"Shala, G., Biedenkapp, A., Awad, N., Adriaensen, S., Lindauer, M., Hutter, F. (2020). Learning Step-Size Adaptation in CMA-ES. In: Bäck, T., et al. Parallel Problem Solving from Nature – PPSN XVI. PPSN 2020. Lecture Notes in Computer Science, vol 12269. Springer, Cham. https://doi.org/10.1007/978-3-030-58112-1_48"
"Miscellaneous missing references: 
- Distillation: Yin et al. One-step Diffusion with Distribution Matching Distillation, CVPR 2024
- Caching: Shen et al. MD-DiT: Step-aware Mixture-of-Depths for Efficient Diffusion Transformers, AFM Workshop NeurIPS 2024; $\Delta$-DiT: Accelerating Diffusion Transformers without training via Denoising Property Alignment-DiT: Accelerating Diffusion Transformers without training via Denoising Property Alignment, Chen et al. 2024
- Parallel Inference: Kodaira et al. StreamDiffusion: A Pipeline-level Solution for Real-time Interactive Generation, 2023
- Efficient Sampling: Xu et al. Restart Sampling for Improving Generative Processes, NeurIPS 2023",,41,,,71x7kVl3zP,not_in_pool_after_cutoff,"Yin et al. One-step Diffusion with Distribution Matching Distillation, CVPR 2024"
"Miscellaneous missing references: 
- Distillation: Yin et al. One-step Diffusion with Distribution Matching Distillation, CVPR 2024
- Caching: Shen et al. MD-DiT: Step-aware Mixture-of-Depths for Efficient Diffusion Transformers, AFM Workshop NeurIPS 2024; $\Delta$-DiT: Accelerating Diffusion Transformers without training via Denoising Property Alignment-DiT: Accelerating Diffusion Transformers without training via Denoising Property Alignment, Chen et al. 2024
- Parallel Inference: Kodaira et al. StreamDiffusion: A Pipeline-level Solution for Real-time Interactive Generation, 2023
- Efficient Sampling: Xu et al. Restart Sampling for Improving Generative Processes, NeurIPS 2023",,41,,,71x7kVl3zP,not_in_pool_after_cutoff,"Shen et al. MD-DiT: Step-aware Mixture-of-Depths for Efficient Diffusion Transformers, AFM Workshop NeurIPS 2024"
"Miscellaneous missing references: 
- Distillation: Yin et al. One-step Diffusion with Distribution Matching Distillation, CVPR 2024
- Caching: Shen et al. MD-DiT: Step-aware Mixture-of-Depths for Efficient Diffusion Transformers, AFM Workshop NeurIPS 2024; $\Delta$-DiT: Accelerating Diffusion Transformers without training via Denoising Property Alignment-DiT: Accelerating Diffusion Transformers without training via Denoising Property Alignment, Chen et al. 2024
- Parallel Inference: Kodaira et al. StreamDiffusion: A Pipeline-level Solution for Real-time Interactive Generation, 2023
- Efficient Sampling: Xu et al. Restart Sampling for Improving Generative Processes, NeurIPS 2023",,41,,,71x7kVl3zP,not_in_pool_after_cutoff,"Chen et al. $\Delta$-DiT: Accelerating Diffusion Transformers without training via Denoising Property Alignment, 2024"
"Miscellaneous missing references: 
- Distillation: Yin et al. One-step Diffusion with Distribution Matching Distillation, CVPR 2024
- Caching: Shen et al. MD-DiT: Step-aware Mixture-of-Depths for Efficient Diffusion Transformers, AFM Workshop NeurIPS 2024; $\Delta$-DiT: Accelerating Diffusion Transformers without training via Denoising Property Alignment-DiT: Accelerating Diffusion Transformers without training via Denoising Property Alignment, Chen et al. 2024
- Parallel Inference: Kodaira et al. StreamDiffusion: A Pipeline-level Solution for Real-time Interactive Generation, 2023
- Efficient Sampling: Xu et al. Restart Sampling for Improving Generative Processes, NeurIPS 2023",,41,,,71x7kVl3zP,not_in_pool_after_cutoff,"Kodaira et al. StreamDiffusion: A Pipeline-level Solution for Real-time Interactive Generation, 2023"
"Miscellaneous missing references: 
- Distillation: Yin et al. One-step Diffusion with Distribution Matching Distillation, CVPR 2024
- Caching: Shen et al. MD-DiT: Step-aware Mixture-of-Depths for Efficient Diffusion Transformers, AFM Workshop NeurIPS 2024; $\Delta$-DiT: Accelerating Diffusion Transformers without training via Denoising Property Alignment-DiT: Accelerating Diffusion Transformers without training via Denoising Property Alignment, Chen et al. 2024
- Parallel Inference: Kodaira et al. StreamDiffusion: A Pipeline-level Solution for Real-time Interactive Generation, 2023
- Efficient Sampling: Xu et al. Restart Sampling for Improving Generative Processes, NeurIPS 2023",,41,,,71x7kVl3zP,not_in_pool_after_cutoff,"Xu et al. Restart Sampling for Improving Generative Processes, NeurIPS 2023"
"Another line of work, model architecture for efficient reasoning should also be considered. Works such as NSA[1], MOBA[2], Mamba[3] allow more efficient inference thus improved reasoning efficiency as well.",,42,,,HmFGkxQ2Pq,not_in_pool_after_cutoff,Native Sparse Attention: Hardware-Aligned and Natively Trainable Sparse Attention
"Another line of work, model architecture for efficient reasoning should also be considered. Works such as NSA[1], MOBA[2], Mamba[3] allow more efficient inference thus improved reasoning efficiency as well.",,42,,,HmFGkxQ2Pq,already_cited,MoBA: Mixture of Block Attention for Long-Context LLMs
"Another line of work, model architecture for efficient reasoning should also be considered. Works such as NSA[1], MOBA[2], Mamba[3] allow more efficient inference thus improved reasoning efficiency as well.",,42,,,HmFGkxQ2Pq,already_cited,Mamba: Linear-Time Sequence Modeling with Selective State Spaces
"Some related surveys[4,5] should be cited and discussed, especially where does this survey differs from them and the unique contribution it made.",W4415330016,42,0.0,137,HmFGkxQ2Pq,pool_candidate,"A survey of efficient reasoning for large reasoning models: Language, multimodality, and beyond"
"Some related surveys[4,5] should be cited and discussed, especially where does this survey differs from them and the unique contribution it made.",,42,,,HmFGkxQ2Pq,not_in_pool_after_cutoff,Towards reasoning era: A survey of long chain-of-thought for reasoning large language models.
"In efficient fine-tuning (e.g., Section 2.3.1), the line of work on hypertuning (https://arxiv.org/abs/2211.12485) could be relevant.",,43,,,Ea4N9MT3jd,not_in_pool_after_cutoff,Hypertuning (arXiv:2211.12485)
"In long-context LLM (Section 2.5.3), I wonder if Memwalker (https://arxiv.org/abs/2310.05029), RAPTOR (https://arxiv.org/abs/2401.18059) are relevant, as well as other recent methods that traverse a memory tree / memory document. More recently (I understand this just came out), gist memory: https://arxiv.org/pdf/2402.09727.pdf.",,43,,,Ea4N9MT3jd,not_in_pool_after_cutoff,Memwalker (arXiv:2310.05029)
"In long-context LLM (Section 2.5.3), I wonder if Memwalker (https://arxiv.org/abs/2310.05029), RAPTOR (https://arxiv.org/abs/2401.18059) are relevant, as well as other recent methods that traverse a memory tree / memory document. More recently (I understand this just came out), gist memory: https://arxiv.org/pdf/2402.09727.pdf.",,43,,,Ea4N9MT3jd,not_in_pool_after_cutoff,RAPTOR (arXiv:2401.18059)
"In long-context LLM (Section 2.5.3), I wonder if Memwalker (https://arxiv.org/abs/2310.05029), RAPTOR (https://arxiv.org/abs/2401.18059) are relevant, as well as other recent methods that traverse a memory tree / memory document. More recently (I understand this just came out), gist memory: https://arxiv.org/pdf/2402.09727.pdf.",,43,,,Ea4N9MT3jd,not_in_pool_after_cutoff,gist memory (arXiv:2402.09727)
"Papers such as GraphLIME, or GCExplainer, for example, are worth discussing.",,45,,,5wud7gkSZu,not_in_pool_after_cutoff,GraphLIME
"Papers such as GraphLIME, or GCExplainer, for example, are worth discussing.",,45,,,5wud7gkSZu,not_in_pool_after_cutoff,GCExplainer
"The author has not cited other surveys about data distillation, including 'A Survey on Dataset Distillation: Approaches, Applications and Future Directions' which has been accepted by IJCAI 2023, and 'A Comprehensive Survey of Dataset Distillation' (https://arxiv.org/pdf/2301.05603.pdf).",,48,,,V6CUiUPBuS,not_in_pool_after_cutoff,"A Survey on Dataset Distillation: Approaches, Applications and Future Directions"
"The author has not cited other surveys about data distillation, including 'A Survey on Dataset Distillation: Approaches, Applications and Future Directions' which has been accepted by IJCAI 2023, and 'A Comprehensive Survey of Dataset Distillation' (https://arxiv.org/pdf/2301.05603.pdf).",,48,,,V6CUiUPBuS,not_in_pool_after_cutoff,A Comprehensive Survey of Dataset Distillation
The survey may omit several relevant survey or benchmark studies on privacy risks and preservation in XAI: [1-3],,49,,,teiWmplX8h,not_in_pool_after_cutoff,"A Survey of Privacy-Preserving Model Explanations: Privacy Risks, Attacks, and Countermeasures"
The survey may omit several relevant survey or benchmark studies on privacy risks and preservation in XAI: [1-3],,49,,,teiWmplX8h,already_cited,Privacy-Preserving Explainable AI: A Survey
The survey may omit several relevant survey or benchmark studies on privacy risks and preservation in XAI: [1-3],,49,,,teiWmplX8h,not_in_pool_after_cutoff,Privacy Meets Explainability: A Comprehensive Impact Benchmark.
"Update Section 2.4 to include recent/similar contributions such asref listed below. Include how this work differs overlaps.

	- Noppel, M., & Wressnegger, C. (2024, August). A Brief Systematization of Explanation-Aware Attacks. In German Conference on Artificial Intelligence (Künstliche Intelligenz) (pp. 350-354). Cham: Springer Nature Switzerland.

	- Nguyen, T. T., Huynh, T. T., Ren, Z., Nguyen, T. T., Nguyen, P. L., Yin, H., & Nguyen, Q. V. H. (2024). A survey of privacy-preserving model explanations: Privacy risks, attacks, and countermeasures. arXiv preprint arXiv:2404.00673.

	- Baniecki, H., & Biecek, P. (2024). Adversarial attacks and defenses in explainable artificial intelligence: A survey. Information Fusion, 107, 102303.",,49,,,fEa5eBym0x,not_in_pool_after_cutoff,"Noppel, M., & Wressnegger, C. (2024, August). A Brief Systematization of Explanation-Aware Attacks. In German Conference on Artificial Intelligence (Künstliche Intelligenz) (pp. 350-354). Cham: Springer Nature Switzerland."
"Update Section 2.4 to include recent/similar contributions such asref listed below. Include how this work differs overlaps.

	- Noppel, M., & Wressnegger, C. (2024, August). A Brief Systematization of Explanation-Aware Attacks. In German Conference on Artificial Intelligence (Künstliche Intelligenz) (pp. 350-354). Cham: Springer Nature Switzerland.

	- Nguyen, T. T., Huynh, T. T., Ren, Z., Nguyen, T. T., Nguyen, P. L., Yin, H., & Nguyen, Q. V. H. (2024). A survey of privacy-preserving model explanations: Privacy risks, attacks, and countermeasures. arXiv preprint arXiv:2404.00673.

	- Baniecki, H., & Biecek, P. (2024). Adversarial attacks and defenses in explainable artificial intelligence: A survey. Information Fusion, 107, 102303.",,49,,,fEa5eBym0x,not_in_pool_after_cutoff,"Nguyen, T. T., Huynh, T. T., Ren, Z., Nguyen, T. T., Nguyen, P. L., Yin, H., & Nguyen, Q. V. H. (2024). A survey of privacy-preserving model explanations: Privacy risks, attacks, and countermeasures. arXiv preprint arXiv:2404.00673."
"Update Section 2.4 to include recent/similar contributions such asref listed below. Include how this work differs overlaps.

	- Noppel, M., & Wressnegger, C. (2024, August). A Brief Systematization of Explanation-Aware Attacks. In German Conference on Artificial Intelligence (Künstliche Intelligenz) (pp. 350-354). Cham: Springer Nature Switzerland.

	- Nguyen, T. T., Huynh, T. T., Ren, Z., Nguyen, T. T., Nguyen, P. L., Yin, H., & Nguyen, Q. V. H. (2024). A survey of privacy-preserving model explanations: Privacy risks, attacks, and countermeasures. arXiv preprint arXiv:2404.00673.

	- Baniecki, H., & Biecek, P. (2024). Adversarial attacks and defenses in explainable artificial intelligence: A survey. Information Fusion, 107, 102303.",,49,,,fEa5eBym0x,not_in_pool_after_cutoff,"Baniecki, H., & Biecek, P. (2024). Adversarial attacks and defenses in explainable artificial intelligence: A survey. Information Fusion, 107, 102303."
Expand literature coverage. The survey needs more comprehensive coverage and includes a discussion of Diffusion Policy and its data efficiency properties.,,51,,,ghk6rZp3cZ,not_in_pool_after_cutoff,Diffusion Policy
"Specifically, I recommend the authors discuss the theoretical underpinnings of domain shift by referencing ""Open set domain adaptation: Theoretical bound and algorithm"", and address how we might detect VLA reasoning failures across domains by discussing ""Beyond In-Domain Detection: SpikeScore for Cross-Domain Hallucination Detection"".",,51,,,sAipmhtlO7,not_in_pool_after_cutoff,Open set domain adaptation: Theoretical bound and algorithm
"Specifically, I recommend the authors discuss the theoretical underpinnings of domain shift by referencing ""Open set domain adaptation: Theoretical bound and algorithm"", and address how we might detect VLA reasoning failures across domains by discussing ""Beyond In-Domain Detection: SpikeScore for Cross-Domain Hallucination Detection"".",,51,,,sAipmhtlO7,not_in_pool_after_cutoff,Beyond In-Domain Detection: SpikeScore for Cross-Domain Hallucination Detection
"Some results are based on outdated papers and techniques, lacking references to more recent, improved analyses (e.g., see [1, 2] for recent advances on Adam and quasi-Newton methods, respectively). Theorem 12, for instance, relies on a 2016 that is likely outdated.",,53,,,c1Z6l9jrt3,not_in_pool_after_cutoff,Convergence of Adam under relaxed assumptions.
"Some results are based on outdated papers and techniques, lacking references to more recent, improved analyses (e.g., see [1, 2] for recent advances on Adam and quasi-Newton methods, respectively). Theorem 12, for instance, relies on a 2016 that is likely outdated.",,53,,,c1Z6l9jrt3,not_in_pool_after_cutoff,New results on superlinear convergence of classical quasi-Newton methods.
"When presenting the so-called adaptive unified (UA) algorithm, Défossez et al. (2022) should be cited. The current presentation may mislead readers into thinking that the formulation of UA is a novel contribution of this survey paper.",,53,,,PLz7NxXSpu,not_in_pool_after_cutoff,Défossez et al. (2022)
"Authors can add in a few sentences (in the introduction section or in the first-order algorithm section) about the following two threads of work on first-order algorithm, for instance. [1-2] focus on leveraging stochastic perturbation to imbue the first-order optimization methods to have probabilistic guarantee to converge to a local optimal point, which used to be an exclusive privilege of second-order algorithms. [3-5] focus on the format of Langevin dynamics for optimization.",,53,,,LLBznxx6Dm,not_in_pool_after_cutoff,"On Nonconvex Optimization for Machine Learning: Gradients, Stochasticity, and Saddle Points, Chi Jin, Praneeth Netrapalli, Rong Ge, Sham M. Kakade, Michael I. Jordan, ICML 2017"
"Authors can add in a few sentences (in the introduction section or in the first-order algorithm section) about the following two threads of work on first-order algorithm, for instance. [1-2] focus on leveraging stochastic perturbation to imbue the first-order optimization methods to have probabilistic guarantee to converge to a local optimal point, which used to be an exclusive privilege of second-order algorithms. [3-5] focus on the format of Langevin dynamics for optimization.",,53,,,LLBznxx6Dm,not_in_pool_after_cutoff,"Perturbed proximal descent to escape saddle points for non-convex and non-smooth objective functions, Huang and Becker, INND BDDL, 2019"
"Authors can add in a few sentences (in the introduction section or in the first-order algorithm section) about the following two threads of work on first-order algorithm, for instance. [1-2] focus on leveraging stochastic perturbation to imbue the first-order optimization methods to have probabilistic guarantee to converge to a local optimal point, which used to be an exclusive privilege of second-order algorithms. [3-5] focus on the format of Langevin dynamics for optimization.",,53,,,LLBznxx6Dm,not_in_pool_after_cutoff,"Non-Convex Learning via Stochastic Gradient Langevin Dynamics: A Nonasymptotic Analysis, Raginsky, Rakhlin, Telgarsky, 2017"
"Authors can add in a few sentences (in the introduction section or in the first-order algorithm section) about the following two threads of work on first-order algorithm, for instance. [1-2] focus on leveraging stochastic perturbation to imbue the first-order optimization methods to have probabilistic guarantee to converge to a local optimal point, which used to be an exclusive privilege of second-order algorithms. [3-5] focus on the format of Langevin dynamics for optimization.",,53,,,LLBznxx6Dm,not_in_pool_after_cutoff,"User-friendly guarantees for the Langevin Monte Carlo with inaccurate gradient, Dalalyan, Karagulyan, 2017"
"Authors can add in a few sentences (in the introduction section or in the first-order algorithm section) about the following two threads of work on first-order algorithm, for instance. [1-2] focus on leveraging stochastic perturbation to imbue the first-order optimization methods to have probabilistic guarantee to converge to a local optimal point, which used to be an exclusive privilege of second-order algorithms. [3-5] focus on the format of Langevin dynamics for optimization.",,53,,,LLBznxx6Dm,not_in_pool_after_cutoff,"Stochastic Gradient Langevin Dynamics with Variance Reduction, Huang, Becker, IJCNN, 2021"
"For second-order algorithms, [James Martens](https://scholar.google.com/citations?user=LlK_saMAAAAJ&hl=en) has a thread of work on Hessian-free style of methods, in particular [6]. It is an implicit methods leveraging conjugate gradients. This is an area authors seem to miss out.",,53,,,LLBznxx6Dm,not_in_pool_after_cutoff,"Deep learning via Hessian-free optimization, Martens, ICML 2010"
"Besides clearly clarifying the connection and difference between the algorithms discussed in section 4.1 and federated learning algorithms, it may be helpful to cite [1-2]",,53,,,LLBznxx6Dm,not_in_pool_after_cutoff,"Advances and Open Problems in Federated Learning, Kairouz et al., 2021"
"Besides clearly clarifying the connection and difference between the algorithms discussed in section 4.1 and federated learning algorithms, it may be helpful to cite [1-2]",,53,,,LLBznxx6Dm,not_in_pool_after_cutoff,"A Field Guide to Federated Optimization, Wang et al., 2021"
"[3-4] also discusses the technique of gradient tracking. [4], in particular, provides the method of induction to show the convergence of distributed SG tracking methods that distinguishes it from the cited work in the submission. For the thread of distributed optimization methods, variants on time-varying graph settings, incorporation of implicit optimization methods such as push-pull, asynchronous setting, I suggest authors dig into [Angelia Nedic's work](https://scholar.google.com/citations?user=86PxxsoAAAAJ&hl=en) a bit.",,53,,,LLBznxx6Dm,not_in_pool_after_cutoff,"Harnessing Smoothness to Accelerate Distributed Optimization, Qu and Li, 2017"
"[3-4] also discusses the technique of gradient tracking. [4], in particular, provides the method of induction to show the convergence of distributed SG tracking methods that distinguishes it from the cited work in the submission. For the thread of distributed optimization methods, variants on time-varying graph settings, incorporation of implicit optimization methods such as push-pull, asynchronous setting, I suggest authors dig into [Angelia Nedic's work](https://scholar.google.com/citations?user=86PxxsoAAAAJ&hl=en) a bit.",,53,,,LLBznxx6Dm,not_in_pool_after_cutoff,"Distributed Stochastic Gradient Tracking Methods, Pu and Nedic, 2020"
Missing reference: Can LLMs Generate Novel Research Ideas? A Large-Scale Human Study with 100+ NLP Researchers. ICLR 2025.,,54,,,XPTRZtSKFi,not_in_pool_after_cutoff,Can LLMs Generate Novel Research Ideas? A Large-Scale Human Study with 100+ NLP Researchers. ICLR 2025.
"A major limitation of this paper is that all cited works appear to be from 2024 or earlier. I suggest that the authors cite and discuss more recent papers on backdoor attacks and defenses, such as [r1, r2, r3].",,56,,,8NZ6vOv7gN,not_in_pool_after_cutoff,"Zhu et al. ""Towards Sample-specific Backdoor Attack with Clean Labels via Attribute Trigger."" TDSC 2025."
"A major limitation of this paper is that all cited works appear to be from 2024 or earlier. I suggest that the authors cite and discuss more recent papers on backdoor attacks and defenses, such as [r1, r2, r3].",,56,,,8NZ6vOv7gN,not_in_pool_after_cutoff,"Chen et al. ""REFINE: Inversion-Free Backdoor Defense via Model Reprogramming."" ICLR 2025."
"A major limitation of this paper is that all cited works appear to be from 2024 or earlier. I suggest that the authors cite and discuss more recent papers on backdoor attacks and defenses, such as [r1, r2, r3].",,56,,,8NZ6vOv7gN,not_in_pool_after_cutoff,"Hou et al. ""FLARE: Toward Universal Dataset Purification against Backdoor Attacks."" TIFS 2025."
What about references to QWEN and AudioFlamingo3 or other similar models not image-text only oriented?,,57,,,CfXpaMVbjV,not_in_pool_after_cutoff,QWEN
What about references to QWEN and AudioFlamingo3 or other similar models not image-text only oriented?,,57,,,CfXpaMVbjV,not_in_pool_after_cutoff,AudioFlamingo3
"why LLama, not even GPT which were the first, or other recent models?",,57,,,CfXpaMVbjV,not_in_pool_after_cutoff,GPT
"Authors must incorporate some literature on Graph Transformers, at the very least mentioning the known ones, like Rampášek et al. (2022), Ma et al. (2023), and Wu et al. (2022).",,58,,,wwZ1tBU3vq,not_in_pool_after_cutoff,Shehzad et al. (2024)
"Authors must incorporate some literature on Graph Transformers, at the very least mentioning the known ones, like Rampášek et al. (2022), Ma et al. (2023), and Wu et al. (2022).",,58,,,wwZ1tBU3vq,not_in_pool_after_cutoff,Rampášek et al. (2022)
"Authors must incorporate some literature on Graph Transformers, at the very least mentioning the known ones, like Rampášek et al. (2022), Ma et al. (2023), and Wu et al. (2022).",,58,,,wwZ1tBU3vq,not_in_pool_after_cutoff,Ma et al. (2023)
"Authors must incorporate some literature on Graph Transformers, at the very least mentioning the known ones, like Rampášek et al. (2022), Ma et al. (2023), and Wu et al. (2022).",,58,,,wwZ1tBU3vq,not_in_pool_after_cutoff,Wu et al. (2022)
Citing all the relevant works in these areas will be important. References: [1] Dense-CL CVPR 2021 https://arxiv.org/abs/2011.09157 . [2] Object-Aware Cropping for Self-Supervised Learning TMLR 2022 https://openreview.net/pdf?id=WXgJN7A69g .,,59,,,k0bNmPxd5y,not_in_pool_after_cutoff,Dense-CL CVPR 2021
Citing all the relevant works in these areas will be important. References: [1] Dense-CL CVPR 2021 https://arxiv.org/abs/2011.09157 . [2] Object-Aware Cropping for Self-Supervised Learning TMLR 2022 https://openreview.net/pdf?id=WXgJN7A69g .,,59,,,k0bNmPxd5y,not_in_pool_after_cutoff,Object-Aware Cropping for Self-Supervised Learning TMLR 2022
"Missing citation of another overview of ML for physics methods: Wang, R., Yu, R., ""Physics-Guided Deep Learning for Dynamical Systems: A Survey"", https://arxiv.org/pdf/2107.01272, 2023.",,60,,,QgfgKAskNn,not_in_pool_after_cutoff,Physics-Guided Deep Learning for Dynamical Systems: A Survey
It is true that physics-informed methods are useful for weather forecasting and FourCastNet is cited but GraphCast which is state-of-the-art is purely data-driven GNN method and Pangu-Weather is data-driven and Transformer based. Both works should be cited.,,60,,,QgfgKAskNn,not_in_pool_after_cutoff,GraphCast
It is true that physics-informed methods are useful for weather forecasting and FourCastNet is cited but GraphCast which is state-of-the-art is purely data-driven GNN method and Pangu-Weather is data-driven and Transformer based. Both works should be cited.,,60,,,QgfgKAskNn,not_in_pool_after_cutoff,Pangu-Weather
"While PINNs and Neural Operators are discussed, references to another state-of-the-art GNN-based MeshGraphNet (Pfaff et. al, ""Learning Mesh-Based Simulation with Graph Networks"", ICLR 2021) model is not directly discussed - only through GraphCast which is based on this architecture.",,60,,,QgfgKAskNn,already_cited,Learning Mesh-Based Simulation with Graph Networks
"Missing reference Saad et. al, ""Guiding continuous operator learning through Physics-based boundary constraints"", ICLR, 2023 on hard-constraining Neural Operators to satisfy boundary conditions and Negiar et al. ""Learning differentiable solvers for systems with hard constraints"", ICLR, 2023 on enforcing PDEs as a hard-constraint rather than a soft-constraint in PINNs, which can also be added to the Operator Learning section.",,60,,,QgfgKAskNn,already_cited,Guiding continuous operator learning through Physics-based boundary constraints
"Missing reference Saad et. al, ""Guiding continuous operator learning through Physics-based boundary constraints"", ICLR, 2023 on hard-constraining Neural Operators to satisfy boundary conditions and Negiar et al. ""Learning differentiable solvers for systems with hard constraints"", ICLR, 2023 on enforcing PDEs as a hard-constraint rather than a soft-constraint in PINNs, which can also be added to the Operator Learning section.",,60,,,QgfgKAskNn,already_cited,Learning differentiable solvers for systems with hard constraints
"Additional references include Chalapathi, N. et. al, ""Scaling physics-informed hard constraints with mixture-of-experts"", ICLR 2024 and Du et. al, ""Neural Spectral Methods: Self-supervised learning in the spectral domain"", ICLR 2024 especially the latter would be relevant to cite since spectral methods are also discussed.",,60,,,QgfgKAskNn,not_in_pool_after_cutoff,Scaling physics-informed hard constraints with mixture-of-experts
"Additional references include Chalapathi, N. et. al, ""Scaling physics-informed hard constraints with mixture-of-experts"", ICLR 2024 and Du et. al, ""Neural Spectral Methods: Self-supervised learning in the spectral domain"", ICLR 2024 especially the latter would be relevant to cite since spectral methods are also discussed.",,60,,,QgfgKAskNn,already_cited,Neural Spectral Methods: Self-supervised learning in the spectral domain
"For the physics-informed loss on the medical and ODEs, I think Wang et. al, ""Bridging physics-based and data-driven modeling for learning dynamical systems"", L4DC, 2021 would be good to cite.",,60,,,QgfgKAskNn,not_in_pool_after_cutoff,Bridging physics-based and data-driven modeling for learning dynamical systems
"Missing reference to LeVeque, ""Finite Difference Methods for Ordinary and Partial Differential Equations"", SIAM, 2007 and LeVeque, ""Finite-Volume Methods for Hyperbolic Problems"", Cambridge University Press, 2002 and Hughes, ""The Finite Element Method: Linear Static and Dynamic Finite Element Analysis"" for the numerical methods",,60,,,QgfgKAskNn,not_in_pool_after_cutoff,Finite Difference Methods for Ordinary and Partial Differential Equations
"Missing reference to LeVeque, ""Finite Difference Methods for Ordinary and Partial Differential Equations"", SIAM, 2007 and LeVeque, ""Finite-Volume Methods for Hyperbolic Problems"", Cambridge University Press, 2002 and Hughes, ""The Finite Element Method: Linear Static and Dynamic Finite Element Analysis"" for the numerical methods",,60,,,QgfgKAskNn,already_cited,Finite-Volume Methods for Hyperbolic Problems
"Missing reference to LeVeque, ""Finite Difference Methods for Ordinary and Partial Differential Equations"", SIAM, 2007 and LeVeque, ""Finite-Volume Methods for Hyperbolic Problems"", Cambridge University Press, 2002 and Hughes, ""The Finite Element Method: Linear Static and Dynamic Finite Element Analysis"" for the numerical methods",,60,,,QgfgKAskNn,already_cited,The Finite Element Method: Linear Static and Dynamic Finite Element Analysis
"While the background on Neural ODEs is thorough, I'm not sure if it is needed. Additional references here include Ott et. al, ""ResNet After All? Neural ODEs and their Numerical Solution"", 2020 and Krishnapriyan et. al, ""Learning continuous models for continuous physics"", Communications Physics 6 (1), 319, 2023.",,60,,,QgfgKAskNn,already_cited,ResNet After All? Neural ODEs and their Numerical Solution
"While the background on Neural ODEs is thorough, I'm not sure if it is needed. Additional references here include Ott et. al, ""ResNet After All? Neural ODEs and their Numerical Solution"", 2020 and Krishnapriyan et. al, ""Learning continuous models for continuous physics"", Communications Physics 6 (1), 319, 2023.",,60,,,QgfgKAskNn,not_in_pool_after_cutoff,Learning continuous models for continuous physics
"On page 8 it would be good to add reference to the Multi-wavelet Neural Operator: Gupta et. al, ""Multiwavelet-based Operator Learning for Differential Equations"", NeurIPS, 2021.",,60,,,QgfgKAskNn,already_cited,Multiwavelet-based Operator Learning for Differential Equations
"Another method to address the limitations with PINNs to be cited is Subramanian, S., et. al, ""Adaptive self-supervision algorithms for physics-informed neural networks,"" arXiv:2207.04084, 2022, which proposes an adaptive update of collocation points.",,60,,,QgfgKAskNn,already_cited,Adaptive self-supervision algorithms for physics-informed neural networks
"There are recent works on general geometries Li, Z. ""Geometry-Informed Neural Operator for Large-Scale 3D PDEs"", NeurIPS 2023 and Li, Z. ""Fourier Neural Operator with Learned Deformations for PDEs on General Geometries"", Journal of Machine Learning Research 24 1-26, 2023, which should be added to address the limitations of a fixed uniform mesh",,60,,,QgfgKAskNn,not_in_pool_after_cutoff,Geometry-Informed Neural Operator for Large-Scale 3D PDEs
"There are recent works on general geometries Li, Z. ""Geometry-Informed Neural Operator for Large-Scale 3D PDEs"", NeurIPS 2023 and Li, Z. ""Fourier Neural Operator with Learned Deformations for PDEs on General Geometries"", Journal of Machine Learning Research 24 1-26, 2023, which should be added to address the limitations of a fixed uniform mesh",,60,,,QgfgKAskNn,not_in_pool_after_cutoff,Fourier Neural Operator with Learned Deformations for PDEs on General Geometries
"Mouli, S.C., et.al, ""Metaphysica: Ood robustness in physics-informed machine learning"", ICLR 2024 improves upon SINDy for OOD learning and should be cited.",,60,,,QgfgKAskNn,not_in_pool_after_cutoff,Metaphysica: Ood robustness in physics-informed machine learning
"For details on weather benchmarking of DL models, it would be good to cite Karlbauer, M. ""Comparing and Contrasting Deep Learning Weather Prediction Backbones on Navier-Stokes and Atmospheric Dynamics"", https://arxiv.org/abs/2407.14129, 2024.",,60,,,QgfgKAskNn,already_cited,Comparing and Contrasting Deep Learning Weather Prediction Backbones on Navier-Stokes and Atmospheric Dynamics
"For diffusion based models for weather forecasting see PreDiff (Zao et. al, NeurIPS 2023) and GenCast (Price et. al, 2024)",,60,,,QgfgKAskNn,not_in_pool_after_cutoff,PreDiff
"For diffusion based models for weather forecasting see PreDiff (Zao et. al, NeurIPS 2023) and GenCast (Price et. al, 2024)",,60,,,QgfgKAskNn,not_in_pool_after_cutoff,GenCast
"The motivation of Hansen et. al, ""Learning Physical Models that Can Respect Conservation Laws"" is satisfying conservation and can be discussed in Section 3.7. In addition see Richter-Powell, J., ""Neural Conservation Laws: A Divergence-Free Perspective"", NeurIPS, 2022, Liu et. al, ""Harnessing the Power of Neural Operators with Automatically Encoded Conservation Laws"", ICML 2024, Liu et. al, ""INO: Invariant Neural Operators for Learning Complex Physical Systems with Momentum Conservation"", AISTATS, 2023 and Beucler, T., et. al, ""Enforcing Analytic Constraints in Neural-Networks Emulating Physical Systems"". Physical Review Letters, 126(9):098302, 2021 and adding the corresponding Neural Operator papers to page 27.",,60,,,QgfgKAskNn,already_cited,Learning Physical Models that Can Respect Conservation Laws
"The motivation of Hansen et. al, ""Learning Physical Models that Can Respect Conservation Laws"" is satisfying conservation and can be discussed in Section 3.7. In addition see Richter-Powell, J., ""Neural Conservation Laws: A Divergence-Free Perspective"", NeurIPS, 2022, Liu et. al, ""Harnessing the Power of Neural Operators with Automatically Encoded Conservation Laws"", ICML 2024, Liu et. al, ""INO: Invariant Neural Operators for Learning Complex Physical Systems with Momentum Conservation"", AISTATS, 2023 and Beucler, T., et. al, ""Enforcing Analytic Constraints in Neural-Networks Emulating Physical Systems"". Physical Review Letters, 126(9):098302, 2021 and adding the corresponding Neural Operator papers to page 27.",,60,,,QgfgKAskNn,already_cited,Neural Conservation Laws: A Divergence-Free Perspective
"The motivation of Hansen et. al, ""Learning Physical Models that Can Respect Conservation Laws"" is satisfying conservation and can be discussed in Section 3.7. In addition see Richter-Powell, J., ""Neural Conservation Laws: A Divergence-Free Perspective"", NeurIPS, 2022, Liu et. al, ""Harnessing the Power of Neural Operators with Automatically Encoded Conservation Laws"", ICML 2024, Liu et. al, ""INO: Invariant Neural Operators for Learning Complex Physical Systems with Momentum Conservation"", AISTATS, 2023 and Beucler, T., et. al, ""Enforcing Analytic Constraints in Neural-Networks Emulating Physical Systems"". Physical Review Letters, 126(9):098302, 2021 and adding the corresponding Neural Operator papers to page 27.",,60,,,QgfgKAskNn,not_in_pool_after_cutoff,Harnessing the Power of Neural Operators with Automatically Encoded Conservation Laws
"The motivation of Hansen et. al, ""Learning Physical Models that Can Respect Conservation Laws"" is satisfying conservation and can be discussed in Section 3.7. In addition see Richter-Powell, J., ""Neural Conservation Laws: A Divergence-Free Perspective"", NeurIPS, 2022, Liu et. al, ""Harnessing the Power of Neural Operators with Automatically Encoded Conservation Laws"", ICML 2024, Liu et. al, ""INO: Invariant Neural Operators for Learning Complex Physical Systems with Momentum Conservation"", AISTATS, 2023 and Beucler, T., et. al, ""Enforcing Analytic Constraints in Neural-Networks Emulating Physical Systems"". Physical Review Letters, 126(9):098302, 2021 and adding the corresponding Neural Operator papers to page 27.",,60,,,QgfgKAskNn,not_in_pool_after_cutoff,INO: Invariant Neural Operators for Learning Complex Physical Systems with Momentum Conservation
"The motivation of Hansen et. al, ""Learning Physical Models that Can Respect Conservation Laws"" is satisfying conservation and can be discussed in Section 3.7. In addition see Richter-Powell, J., ""Neural Conservation Laws: A Divergence-Free Perspective"", NeurIPS, 2022, Liu et. al, ""Harnessing the Power of Neural Operators with Automatically Encoded Conservation Laws"", ICML 2024, Liu et. al, ""INO: Invariant Neural Operators for Learning Complex Physical Systems with Momentum Conservation"", AISTATS, 2023 and Beucler, T., et. al, ""Enforcing Analytic Constraints in Neural-Networks Emulating Physical Systems"". Physical Review Letters, 126(9):098302, 2021 and adding the corresponding Neural Operator papers to page 27.",,60,,,QgfgKAskNn,not_in_pool_after_cutoff,Enforcing Analytic Constraints in Neural-Networks Emulating Physical Systems
"More recent methods using diffusion methods for PDEs, e.g., DiffusionPDE (Huang et. al, ""DiffusionPDE: Generative PDE-Solving Under Partial Observation"", https://arxiv.org/abs/2406.17763, 2024) could also be discussed.",,60,,,QgfgKAskNn,not_in_pool_after_cutoff,DiffusionPDE: Generative PDE-Solving Under Partial Observation
"Additional recent works to add include DINo (Yiu et. al, Continuous PDE Dynamics Forecasting with Implicit Neural Representations, ICLR 2023) and CROM (Chen et. al, ""CROM: Continuous Reduced-Order Modeling of PDEs Using Implicit Neural Representations"", ICLR 2023).",,60,,,QgfgKAskNn,not_in_pool_after_cutoff,Continuous PDE Dynamics Forecasting with Implicit Neural Representations
"Additional recent works to add include DINo (Yiu et. al, Continuous PDE Dynamics Forecasting with Implicit Neural Representations, ICLR 2023) and CROM (Chen et. al, ""CROM: Continuous Reduced-Order Modeling of PDEs Using Implicit Neural Representations"", ICLR 2023).",,60,,,QgfgKAskNn,not_in_pool_after_cutoff,CROM: Continuous Reduced-Order Modeling of PDEs Using Implicit Neural Representations
"For additional references of ML in the automotive domain, see Ashton, N. et. al, ""WindsorML--High-Fidelity Computational Fluid Dynamics Dataset For Automotive Aerodynamics"", NeurIPS Datasets and Benchmarking Track, 2024, Ananthan, V et. al, Machine Learning for Road Vehicle Aerodynamics, SAE Technical Paper and Li et. al, Geometry-Informed Neural Operator for Large-Scale 3D PDEs"", NeurIPS 2023.",,60,,,QgfgKAskNn,not_in_pool_after_cutoff,WindsorML--High-Fidelity Computational Fluid Dynamics Dataset For Automotive Aerodynamics
"For additional references of ML in the automotive domain, see Ashton, N. et. al, ""WindsorML--High-Fidelity Computational Fluid Dynamics Dataset For Automotive Aerodynamics"", NeurIPS Datasets and Benchmarking Track, 2024, Ananthan, V et. al, Machine Learning for Road Vehicle Aerodynamics, SAE Technical Paper and Li et. al, Geometry-Informed Neural Operator for Large-Scale 3D PDEs"", NeurIPS 2023.",,60,,,QgfgKAskNn,not_in_pool_after_cutoff,Machine Learning for Road Vehicle Aerodynamics
"For more PDE foundation models to add see Herde et. al, Poseidon: Efficient Foundation Models for PDEs, 2024.",,60,,,QgfgKAskNn,already_cited,Poseidon: Efficient Foundation Models for PDEs
"I feel there have been a number of recent surveys, especially in the medical and digital medicine literature, that provide a broader view than just the classic NLP (infoextract, sentence classification, QA) and vision-language model spaces in medicine as covered here. The survey would be enriched by bringing in more domain-focused discussions of LLM use in medicine. Some example recent survey papers and perspectives worth including.",,61,,,MsregotK41,not_in_pool_after_cutoff,Bedi et al. 2024. A Systematic Review of Testing and Evaluation of Healthcare Applications of Large Language Models (LLMs)
"I feel there have been a number of recent surveys, especially in the medical and digital medicine literature, that provide a broader view than just the classic NLP (infoextract, sentence classification, QA) and vision-language model spaces in medicine as covered here. The survey would be enriched by bringing in more domain-focused discussions of LLM use in medicine. Some example recent survey papers and perspectives worth including.",,61,,,MsregotK41,not_in_pool_after_cutoff,Omiye et al. 2024. Large Language Models in Medicine: The Potentials and Pitfalls: A Narrative Review
"I feel there have been a number of recent surveys, especially in the medical and digital medicine literature, that provide a broader view than just the classic NLP (infoextract, sentence classification, QA) and vision-language model spaces in medicine as covered here. The survey would be enriched by bringing in more domain-focused discussions of LLM use in medicine. Some example recent survey papers and perspectives worth including.",,61,,,MsregotK41,not_in_pool_after_cutoff,Peng et al 2023. A study of generative large language model for medical research and healthcare
"I feel there have been a number of recent surveys, especially in the medical and digital medicine literature, that provide a broader view than just the classic NLP (infoextract, sentence classification, QA) and vision-language model spaces in medicine as covered here. The survey would be enriched by bringing in more domain-focused discussions of LLM use in medicine. Some example recent survey papers and perspectives worth including.",,61,,,MsregotK41,not_in_pool_after_cutoff,Shah et al 2023. Creation and Adoption of Large Language Models in Medicine
"There is work demonstrating how lexical measures of text generation (e.g., BLEU, ROUGE-L, METEOR) and info-extract-style evaluations of generated text (where some set of concepts are labeled in generated text) don't correlate well with expert judgement of generation quality (Xie et al 2024). Given this, I'm curious as the motivation and take-aways for Table 5.",,61,,,MsregotK41,not_in_pool_after_cutoff,Xie et al 2024. DocLens: Multi-aspect Fine-grained Evaluation for Medical Text Generation
"The MedAlign dataset (Fleming et al 2024), 303 instructions written by clinicians for tasks defined over longitudinal EHRs, is also worth citing as a medical instruction benchmark targeting real-world medical applications.",,61,,,MsregotK41,not_in_pool_after_cutoff,Fleming et al 2024. MedAlign: A Clinician-Generated Dataset for Instruction Following with Electronic Medical Records
"Comment on space of LLMs trained and evaluated on electronic health record (EHR) data. This is mentioned in passing in section ""Future Prospects"" but there are prior survey papers for LLMs that explore this topic in more depth and the gaps therein. 

 - Wornow et al 2023. ""The shaky foundations of large language models and foundation models for electronic health records""",,61,,,MsregotK41,not_in_pool_after_cutoff,Wornow et al 2023. The shaky foundations of large language models and foundation models for electronic health records
The authors frequently cite arXiv preprints versions of papers that have already been published in major conferences/Journals.,,62,,,dCu5PKxtw1,not_in_pool_after_cutoff,"Tiansheng Huang, Gautam Bhattacharya, Pratik Joshi, Joshua Kimball, Ling Liu. Antidote: Postfine-tuning safety alignment for large language models against harmful fine-tuning. Proceedings of the 42nd International Conference on Machine Learning, PMLR 267:25059-25074, 2025."
The authors frequently cite arXiv preprints versions of papers that have already been published in major conferences/Journals.,,62,,,dCu5PKxtw1,not_in_pool_after_cutoff,"Tiansheng Huang, Sihao Hu, Fatih Ilhan, Selim Furkan Tekin, and Ling Liu. Booster: Tackling harmful finetuning for large language models via attenuating harmful perturbation. OpenReview, 2024."
"the following survey papers could be included, as they do not appear to be cited in the current version, if appropriate: - Mao+, ""From LLMs to MLLMs to Agents: A Survey of Emerging Security and Jailbreak Issues"" (2025). - Li+, ""Security Concerns for Large Language Models: A Survey"" (2025). - Yeo+, ""Multimodal Prompt Injection Attacks: Risks and Defenses for Modern LLMs"" (2025). - Wen+, ""Investigating Vulnerabilities and Defenses against Audio-Visual Attacks with an Emphasis on Multimodal Models"" (2025).",,64,,,laGApOu0Qk,not_in_pool_after_cutoff,"Mao+, ""From LLMs to MLLMs to Agents: A Survey of Emerging Security and Jailbreak Issues"" (2025)"
"the following survey papers could be included, as they do not appear to be cited in the current version, if appropriate: - Mao+, ""From LLMs to MLLMs to Agents: A Survey of Emerging Security and Jailbreak Issues"" (2025). - Li+, ""Security Concerns for Large Language Models: A Survey"" (2025). - Yeo+, ""Multimodal Prompt Injection Attacks: Risks and Defenses for Modern LLMs"" (2025). - Wen+, ""Investigating Vulnerabilities and Defenses against Audio-Visual Attacks with an Emphasis on Multimodal Models"" (2025).",,64,,,laGApOu0Qk,not_in_pool_after_cutoff,"Li+, ""Security Concerns for Large Language Models: A Survey"" (2025)"
"the following survey papers could be included, as they do not appear to be cited in the current version, if appropriate: - Mao+, ""From LLMs to MLLMs to Agents: A Survey of Emerging Security and Jailbreak Issues"" (2025). - Li+, ""Security Concerns for Large Language Models: A Survey"" (2025). - Yeo+, ""Multimodal Prompt Injection Attacks: Risks and Defenses for Modern LLMs"" (2025). - Wen+, ""Investigating Vulnerabilities and Defenses against Audio-Visual Attacks with an Emphasis on Multimodal Models"" (2025).",,64,,,laGApOu0Qk,not_in_pool_after_cutoff,"Yeo+, ""Multimodal Prompt Injection Attacks: Risks and Defenses for Modern LLMs"" (2025)"
"the following survey papers could be included, as they do not appear to be cited in the current version, if appropriate: - Mao+, ""From LLMs to MLLMs to Agents: A Survey of Emerging Security and Jailbreak Issues"" (2025). - Li+, ""Security Concerns for Large Language Models: A Survey"" (2025). - Yeo+, ""Multimodal Prompt Injection Attacks: Risks and Defenses for Modern LLMs"" (2025). - Wen+, ""Investigating Vulnerabilities and Defenses against Audio-Visual Attacks with an Emphasis on Multimodal Models"" (2025).",,64,,,laGApOu0Qk,not_in_pool_after_cutoff,"Wen+, ""Investigating Vulnerabilities and Defenses against Audio-Visual Attacks with an Emphasis on Multimodal Models"" (2025)"
"In terms of the number and diversity of papers reviewed, the coverage is insufficient. For each type of adversarial attack, only 12 representative works are selected for illustration, omitting a large body of relevant literature. Below are some recently published papers that were overlooked:
[1] Zhang et al., “Exploring the transferability of visual prompting for multimodal large language models.”
[2] Lu et al., “Set-level guidance attack: boosting adversarial transferability of vision-language pre-training models.”
[3] Wang et al., “Attention! Your Vision Language Model Could Be Maliciously Manipulated”
[4] Niu et al. “Jailbreaking attack against multimodal large language model”
[5] Jeong et al. “Playing the Fool: Jailbreaking LLMs and Multimodal LLMs with Out-of-Distribution Strategy”
[6] Zhao et al. “On evaluating adversarial robust- ness of large vision-language models”
[7] Wang et al. “White-box multimodal jailbreaks against large vision-language models”
[8] Sima et al. “VisCRA: A Visual Chain Reasoning Attack for Jailbreaking Multimodal Large Language Models”",,64,,,BnGez2WCdv,not_in_pool_after_cutoff,Exploring the transferability of visual prompting for multimodal large language models.
"In terms of the number and diversity of papers reviewed, the coverage is insufficient. For each type of adversarial attack, only 12 representative works are selected for illustration, omitting a large body of relevant literature. Below are some recently published papers that were overlooked:
[1] Zhang et al., “Exploring the transferability of visual prompting for multimodal large language models.”
[2] Lu et al., “Set-level guidance attack: boosting adversarial transferability of vision-language pre-training models.”
[3] Wang et al., “Attention! Your Vision Language Model Could Be Maliciously Manipulated”
[4] Niu et al. “Jailbreaking attack against multimodal large language model”
[5] Jeong et al. “Playing the Fool: Jailbreaking LLMs and Multimodal LLMs with Out-of-Distribution Strategy”
[6] Zhao et al. “On evaluating adversarial robust- ness of large vision-language models”
[7] Wang et al. “White-box multimodal jailbreaks against large vision-language models”
[8] Sima et al. “VisCRA: A Visual Chain Reasoning Attack for Jailbreaking Multimodal Large Language Models”",W4390889737,64,0.0,89,BnGez2WCdv,pool_candidate,Set-level guidance attack: boosting adversarial transferability of vision-language pre-training models.
"In terms of the number and diversity of papers reviewed, the coverage is insufficient. For each type of adversarial attack, only 12 representative works are selected for illustration, omitting a large body of relevant literature. Below are some recently published papers that were overlooked:
[1] Zhang et al., “Exploring the transferability of visual prompting for multimodal large language models.”
[2] Lu et al., “Set-level guidance attack: boosting adversarial transferability of vision-language pre-training models.”
[3] Wang et al., “Attention! Your Vision Language Model Could Be Maliciously Manipulated”
[4] Niu et al. “Jailbreaking attack against multimodal large language model”
[5] Jeong et al. “Playing the Fool: Jailbreaking LLMs and Multimodal LLMs with Out-of-Distribution Strategy”
[6] Zhao et al. “On evaluating adversarial robust- ness of large vision-language models”
[7] Wang et al. “White-box multimodal jailbreaks against large vision-language models”
[8] Sima et al. “VisCRA: A Visual Chain Reasoning Attack for Jailbreaking Multimodal Large Language Models”",,64,,,BnGez2WCdv,not_in_pool_after_cutoff,Attention! Your Vision Language Model Could Be Maliciously Manipulated
"In terms of the number and diversity of papers reviewed, the coverage is insufficient. For each type of adversarial attack, only 12 representative works are selected for illustration, omitting a large body of relevant literature. Below are some recently published papers that were overlooked:
[1] Zhang et al., “Exploring the transferability of visual prompting for multimodal large language models.”
[2] Lu et al., “Set-level guidance attack: boosting adversarial transferability of vision-language pre-training models.”
[3] Wang et al., “Attention! Your Vision Language Model Could Be Maliciously Manipulated”
[4] Niu et al. “Jailbreaking attack against multimodal large language model”
[5] Jeong et al. “Playing the Fool: Jailbreaking LLMs and Multimodal LLMs with Out-of-Distribution Strategy”
[6] Zhao et al. “On evaluating adversarial robust- ness of large vision-language models”
[7] Wang et al. “White-box multimodal jailbreaks against large vision-language models”
[8] Sima et al. “VisCRA: A Visual Chain Reasoning Attack for Jailbreaking Multimodal Large Language Models”",,64,,,BnGez2WCdv,not_in_pool_after_cutoff,Jailbreaking attack against multimodal large language model
"In terms of the number and diversity of papers reviewed, the coverage is insufficient. For each type of adversarial attack, only 12 representative works are selected for illustration, omitting a large body of relevant literature. Below are some recently published papers that were overlooked:
[1] Zhang et al., “Exploring the transferability of visual prompting for multimodal large language models.”
[2] Lu et al., “Set-level guidance attack: boosting adversarial transferability of vision-language pre-training models.”
[3] Wang et al., “Attention! Your Vision Language Model Could Be Maliciously Manipulated”
[4] Niu et al. “Jailbreaking attack against multimodal large language model”
[5] Jeong et al. “Playing the Fool: Jailbreaking LLMs and Multimodal LLMs with Out-of-Distribution Strategy”
[6] Zhao et al. “On evaluating adversarial robust- ness of large vision-language models”
[7] Wang et al. “White-box multimodal jailbreaks against large vision-language models”
[8] Sima et al. “VisCRA: A Visual Chain Reasoning Attack for Jailbreaking Multimodal Large Language Models”",,64,,,BnGez2WCdv,already_cited,Playing the Fool: Jailbreaking LLMs and Multimodal LLMs with Out-of-Distribution Strategy
"In terms of the number and diversity of papers reviewed, the coverage is insufficient. For each type of adversarial attack, only 12 representative works are selected for illustration, omitting a large body of relevant literature. Below are some recently published papers that were overlooked:
[1] Zhang et al., “Exploring the transferability of visual prompting for multimodal large language models.”
[2] Lu et al., “Set-level guidance attack: boosting adversarial transferability of vision-language pre-training models.”
[3] Wang et al., “Attention! Your Vision Language Model Could Be Maliciously Manipulated”
[4] Niu et al. “Jailbreaking attack against multimodal large language model”
[5] Jeong et al. “Playing the Fool: Jailbreaking LLMs and Multimodal LLMs with Out-of-Distribution Strategy”
[6] Zhao et al. “On evaluating adversarial robust- ness of large vision-language models”
[7] Wang et al. “White-box multimodal jailbreaks against large vision-language models”
[8] Sima et al. “VisCRA: A Visual Chain Reasoning Attack for Jailbreaking Multimodal Large Language Models”",,64,,,BnGez2WCdv,not_in_pool_after_cutoff,On evaluating adversarial robust- ness of large vision-language models
"In terms of the number and diversity of papers reviewed, the coverage is insufficient. For each type of adversarial attack, only 12 representative works are selected for illustration, omitting a large body of relevant literature. Below are some recently published papers that were overlooked:
[1] Zhang et al., “Exploring the transferability of visual prompting for multimodal large language models.”
[2] Lu et al., “Set-level guidance attack: boosting adversarial transferability of vision-language pre-training models.”
[3] Wang et al., “Attention! Your Vision Language Model Could Be Maliciously Manipulated”
[4] Niu et al. “Jailbreaking attack against multimodal large language model”
[5] Jeong et al. “Playing the Fool: Jailbreaking LLMs and Multimodal LLMs with Out-of-Distribution Strategy”
[6] Zhao et al. “On evaluating adversarial robust- ness of large vision-language models”
[7] Wang et al. “White-box multimodal jailbreaks against large vision-language models”
[8] Sima et al. “VisCRA: A Visual Chain Reasoning Attack for Jailbreaking Multimodal Large Language Models”",W4403791397,64,0.0,149,BnGez2WCdv,pool_candidate,White-box multimodal jailbreaks against large vision-language models
"In terms of the number and diversity of papers reviewed, the coverage is insufficient. For each type of adversarial attack, only 12 representative works are selected for illustration, omitting a large body of relevant literature. Below are some recently published papers that were overlooked:
[1] Zhang et al., “Exploring the transferability of visual prompting for multimodal large language models.”
[2] Lu et al., “Set-level guidance attack: boosting adversarial transferability of vision-language pre-training models.”
[3] Wang et al., “Attention! Your Vision Language Model Could Be Maliciously Manipulated”
[4] Niu et al. “Jailbreaking attack against multimodal large language model”
[5] Jeong et al. “Playing the Fool: Jailbreaking LLMs and Multimodal LLMs with Out-of-Distribution Strategy”
[6] Zhao et al. “On evaluating adversarial robust- ness of large vision-language models”
[7] Wang et al. “White-box multimodal jailbreaks against large vision-language models”
[8] Sima et al. “VisCRA: A Visual Chain Reasoning Attack for Jailbreaking Multimodal Large Language Models”",,64,,,BnGez2WCdv,not_in_pool_after_cutoff,VisCRA: A Visual Chain Reasoning Attack for Jailbreaking Multimodal Large Language Models
"Original Request: Cite Anthropic's *Sleeper Agents*, OpenAI Preparedness Framework",,66,,,Z5GGwSGjVk,not_in_pool_after_cutoff,Anthropic's Sleeper Agents
"Original Request: Cite Anthropic's *Sleeper Agents*, OpenAI Preparedness Framework",,66,,,Z5GGwSGjVk,not_in_pool_after_cutoff,OpenAI Preparedness Framework
"RLHF is cited as (Ouyang et al., 2022), which is the InstructGPT application paper. The foundational RLHF work should also cite Christiano et al. (2017) ""Deep Reinforcement Learning from Human Preferences.""",,66,,,jib1b6GIKc,already_cited,Deep Reinforcement Learning from Human Preferences
"When discussing RLAIF and DPO, the citations point to surveys rather than original work. Please add citations to the original Constitutional AI paper (Bai et al., 2022) and the original DPO paper (Rafailov et al., 2023).",,66,,,jib1b6GIKc,not_in_pool_after_cutoff,"Constitutional AI (Bai et al., 2022)"
"When discussing RLAIF and DPO, the citations point to surveys rather than original work. Please add citations to the original Constitutional AI paper (Bai et al., 2022) and the original DPO paper (Rafailov et al., 2023).",,66,,,jib1b6GIKc,not_in_pool_after_cutoff,"DPO (Rafailov et al., 2023)"
"REINFORCE is presented in Section 2.7 without citation. Please cite Williams (1992) ""Simple statistical gradient-following algorithms for connectionist reinforcement learning.""",,66,,,jib1b6GIKc,already_cited,Simple statistical gradient-following algorithms for connectionist reinforcement learning
[Audiocite.net: A Large Spoken Read Dataset in French - 2024_Felice_audiocite.pdf](https://hal.science/hal-04533994/document) would be a dataset that I think had not been mentioned?,,67,,,Be1P1OjCbe,already_cited,Audiocite.net: A Large Spoken Read Dataset in French
"For instance, the Majaj & Hong et al. 2015 primate microelectrode recording dataset is widely used in vision research but not listed anywhere.",,67,,,ZLSmkalovv,not_in_pool_after_cutoff,Majaj & Hong et al. 2015 primate microelectrode recording dataset
"Table 1 is missing several language datasets, even though they are cited elsewhere in text. E.g. Pereira et al. 2018, Fedorenko et al. 2016, Blank et al. 2014, Tuckute et al. 2024",,67,,,ZLSmkalovv,not_in_pool_after_cutoff,Pereira et al. 2018
"Table 1 is missing several language datasets, even though they are cited elsewhere in text. E.g. Pereira et al. 2018, Fedorenko et al. 2016, Blank et al. 2014, Tuckute et al. 2024",,67,,,ZLSmkalovv,not_in_pool_after_cutoff,Fedorenko et al. 2016
"Table 1 is missing several language datasets, even though they are cited elsewhere in text. E.g. Pereira et al. 2018, Fedorenko et al. 2016, Blank et al. 2014, Tuckute et al. 2024",,67,,,ZLSmkalovv,not_in_pool_after_cutoff,Blank et al. 2014
"Table 1 is missing several language datasets, even though they are cited elsewhere in text. E.g. Pereira et al. 2018, Fedorenko et al. 2016, Blank et al. 2014, Tuckute et al. 2024",,67,,,ZLSmkalovv,not_in_pool_after_cutoff,Tuckute et al. 2024
"Notable models such as APPNP, GPRGNN, BernNet, ChebNetII, JacobiNet, PolyGCL, ArnoldiGCL, LORA, and related studies—several of which also incorporate contrastive learning—are missing.",,68,,,GQppRE7wBo,not_in_pool_after_cutoff,APPNP
"Notable models such as APPNP, GPRGNN, BernNet, ChebNetII, JacobiNet, PolyGCL, ArnoldiGCL, LORA, and related studies—several of which also incorporate contrastive learning—are missing.",,68,,,GQppRE7wBo,not_in_pool_after_cutoff,GPRGNN
"Notable models such as APPNP, GPRGNN, BernNet, ChebNetII, JacobiNet, PolyGCL, ArnoldiGCL, LORA, and related studies—several of which also incorporate contrastive learning—are missing.",,68,,,GQppRE7wBo,not_in_pool_after_cutoff,BernNet
"Notable models such as APPNP, GPRGNN, BernNet, ChebNetII, JacobiNet, PolyGCL, ArnoldiGCL, LORA, and related studies—several of which also incorporate contrastive learning—are missing.",,68,,,GQppRE7wBo,not_in_pool_after_cutoff,ChebNetII
"Notable models such as APPNP, GPRGNN, BernNet, ChebNetII, JacobiNet, PolyGCL, ArnoldiGCL, LORA, and related studies—several of which also incorporate contrastive learning—are missing.",,68,,,GQppRE7wBo,not_in_pool_after_cutoff,JacobiNet
"Notable models such as APPNP, GPRGNN, BernNet, ChebNetII, JacobiNet, PolyGCL, ArnoldiGCL, LORA, and related studies—several of which also incorporate contrastive learning—are missing.",,68,,,GQppRE7wBo,not_in_pool_after_cutoff,PolyGCL
"Notable models such as APPNP, GPRGNN, BernNet, ChebNetII, JacobiNet, PolyGCL, ArnoldiGCL, LORA, and related studies—several of which also incorporate contrastive learning—are missing.",,68,,,GQppRE7wBo,not_in_pool_after_cutoff,ArnoldiGCL
"Notable models such as APPNP, GPRGNN, BernNet, ChebNetII, JacobiNet, PolyGCL, ArnoldiGCL, LORA, and related studies—several of which also incorporate contrastive learning—are missing.",,68,,,GQppRE7wBo,not_in_pool_after_cutoff,LORA
"the paper omits important work in Graph Federated Learning, including the ICLR 2025 paper “Subgraph Federated Learning for Local Generalization.”",,68,,,GQppRE7wBo,already_cited,Subgraph Federated Learning for Local Generalization
"I also hope the authors would include some of these recent papers and update the section on continuous-time dynamic graphs. Some recent work include [2],[3],[4],[5]. In particular, [3] is one of the first work to design methods for signed continuous time dynamic graphs and should be included in the survey.",,69,,,4BOxffK7yJ,not_in_pool_after_cutoff,Neighborhood-aware Scalable Temporal Network Representation Learning
"I also hope the authors would include some of these recent papers and update the section on continuous-time dynamic graphs. Some recent work include [2],[3],[4],[5]. In particular, [3] is one of the first work to design methods for signed continuous time dynamic graphs and should be included in the survey.",,69,,,4BOxffK7yJ,not_in_pool_after_cutoff,Signed Link Representation in Continuous-Time Dynamic Signed Networks
"I also hope the authors would include some of these recent papers and update the section on continuous-time dynamic graphs. Some recent work include [2],[3],[4],[5]. In particular, [3] is one of the first work to design methods for signed continuous time dynamic graphs and should be included in the survey.",,69,,,4BOxffK7yJ,already_cited,Neural Temporal Walks: Motif-Aware Representation Learning on Continuous-Time Dynamic Graphs
"I also hope the authors would include some of these recent papers and update the section on continuous-time dynamic graphs. Some recent work include [2],[3],[4],[5]. In particular, [3] is one of the first work to design methods for signed continuous time dynamic graphs and should be included in the survey.",,69,,,4BOxffK7yJ,not_in_pool_after_cutoff,Provably expressive temporal graph networks
"Since one of the criteria for selecting GNN models in this paper is that they are relatively new, I would recommend mentioning other models, such as DimeNet [1]?",,69,,,CI0mZOEQhw,not_in_pool_after_cutoff,DimeNet
Add reference to HAN.,,69,,,CI0mZOEQhw,not_in_pool_after_cutoff,HAN
"Over-smoothing is a technical term with special meaning in the context of GNNs, so a reference should be provided, e.g., [2].",,69,,,CI0mZOEQhw,not_in_pool_after_cutoff,[2] https://ojs.aaai.org/index.php/AAAI/article/view/11604
"Upon checking some of the papers on the first page of references, I found several works cited as their arxiv versions, which where already published at conferences:
* Agarwal, Akshat, et al. 'Community Regularization of Visually-Grounded Dialog.' *Proceedings of the 18th International Conference on Autonomous Agents and MultiAgent Systems*. 2019.
* Agarwal, Akshat, et al. 'Learning Transferable Cooperative Behavior in Multi-Agent Teams.' *Proceedings of the 19th International Conference on Autonomous Agents and MultiAgent Systems*. 2020.
* Agashe, Saaket, et al. 'LLM-Coordination: Evaluating and Analyzing Multi-agent Coordination Abilities in Large Language Models.' *Findings of the Association for Computational Linguistics: NAACL 2025*. 2025.
* Andreas, Jacob, et al. 'Measuring Compositionality in Representation Learning.' *International Conference on Learning Representations*. Vol. 375. Association for Computational Linguistics, 2019.",,70,,,ayypbMD5SJ,not_in_pool_after_cutoff,"Agarwal, Akshat, et al. 'Community Regularization of Visually-Grounded Dialog.' *Proceedings of the 18th International Conference on Autonomous Agents and MultiAgent Systems*. 2019."
"Upon checking some of the papers on the first page of references, I found several works cited as their arxiv versions, which where already published at conferences:
* Agarwal, Akshat, et al. 'Community Regularization of Visually-Grounded Dialog.' *Proceedings of the 18th International Conference on Autonomous Agents and MultiAgent Systems*. 2019.
* Agarwal, Akshat, et al. 'Learning Transferable Cooperative Behavior in Multi-Agent Teams.' *Proceedings of the 19th International Conference on Autonomous Agents and MultiAgent Systems*. 2020.
* Agashe, Saaket, et al. 'LLM-Coordination: Evaluating and Analyzing Multi-agent Coordination Abilities in Large Language Models.' *Findings of the Association for Computational Linguistics: NAACL 2025*. 2025.
* Andreas, Jacob, et al. 'Measuring Compositionality in Representation Learning.' *International Conference on Learning Representations*. Vol. 375. Association for Computational Linguistics, 2019.",,70,,,ayypbMD5SJ,not_in_pool_after_cutoff,"Agarwal, Akshat, et al. 'Learning Transferable Cooperative Behavior in Multi-Agent Teams.' *Proceedings of the 19th International Conference on Autonomous Agents and MultiAgent Systems*. 2020."
"Upon checking some of the papers on the first page of references, I found several works cited as their arxiv versions, which where already published at conferences:
* Agarwal, Akshat, et al. 'Community Regularization of Visually-Grounded Dialog.' *Proceedings of the 18th International Conference on Autonomous Agents and MultiAgent Systems*. 2019.
* Agarwal, Akshat, et al. 'Learning Transferable Cooperative Behavior in Multi-Agent Teams.' *Proceedings of the 19th International Conference on Autonomous Agents and MultiAgent Systems*. 2020.
* Agashe, Saaket, et al. 'LLM-Coordination: Evaluating and Analyzing Multi-agent Coordination Abilities in Large Language Models.' *Findings of the Association for Computational Linguistics: NAACL 2025*. 2025.
* Andreas, Jacob, et al. 'Measuring Compositionality in Representation Learning.' *International Conference on Learning Representations*. Vol. 375. Association for Computational Linguistics, 2019.",,70,,,ayypbMD5SJ,not_in_pool_after_cutoff,"Agashe, Saaket, et al. 'LLM-Coordination: Evaluating and Analyzing Multi-agent Coordination Abilities in Large Language Models.' *Findings of the Association for Computational Linguistics: NAACL 2025*. 2025."
"Upon checking some of the papers on the first page of references, I found several works cited as their arxiv versions, which where already published at conferences:
* Agarwal, Akshat, et al. 'Community Regularization of Visually-Grounded Dialog.' *Proceedings of the 18th International Conference on Autonomous Agents and MultiAgent Systems*. 2019.
* Agarwal, Akshat, et al. 'Learning Transferable Cooperative Behavior in Multi-Agent Teams.' *Proceedings of the 19th International Conference on Autonomous Agents and MultiAgent Systems*. 2020.
* Agashe, Saaket, et al. 'LLM-Coordination: Evaluating and Analyzing Multi-agent Coordination Abilities in Large Language Models.' *Findings of the Association for Computational Linguistics: NAACL 2025*. 2025.
* Andreas, Jacob, et al. 'Measuring Compositionality in Representation Learning.' *International Conference on Learning Representations*. Vol. 375. Association for Computational Linguistics, 2019.",,70,,,ayypbMD5SJ,not_in_pool_after_cutoff,"Andreas, Jacob, et al. 'Measuring Compositionality in Representation Learning.' *International Conference on Learning Representations*. Vol. 375. Association for Computational Linguistics, 2019."
"There is also more work on joint-distribution fidelity, e.g. (Improved) Precision and Recall, Density and Coverage, or Alpha-Precision and Recall. These are more modern and well-cited, and I think they are valuable to capture high-dimensional data quality.",,74,,,cnPfSIkoQV,not_in_pool_after_cutoff,"Alaa, A. M., van Breugel, B., Saveliev, E., & van der Schaar, M. (2022). How Faithful Is Your Synthetic Data? Sample-Level Metrics for Evaluating and Auditing Generative Models. International Conference on Machine Learning (ICML), 290–306."
"There is also more work on joint-distribution fidelity, e.g. (Improved) Precision and Recall, Density and Coverage, or Alpha-Precision and Recall. These are more modern and well-cited, and I think they are valuable to capture high-dimensional data quality.",,74,,,cnPfSIkoQV,not_in_pool_after_cutoff,"Gulrajani, I., Raffel, C., & Metz, L. (2019). Towards GAN Benchmarks Which Require Generalization. 7th International Conference on Learning Representations, ICLR 2019."
"There is also more work on joint-distribution fidelity, e.g. (Improved) Precision and Recall, Density and Coverage, or Alpha-Precision and Recall. These are more modern and well-cited, and I think they are valuable to capture high-dimensional data quality.",,74,,,cnPfSIkoQV,not_in_pool_after_cutoff,"Kynkäänniemi, T., Karras, T., Laine, S., Lehtinen, J., & Aila, T. (2019). Improved Precision and Recall Metric for Assessing Generative Models. Advances in Neural Information Processing Systems, 32."
"There is also more work on joint-distribution fidelity, e.g. (Improved) Precision and Recall, Density and Coverage, or Alpha-Precision and Recall. These are more modern and well-cited, and I think they are valuable to capture high-dimensional data quality.",,74,,,cnPfSIkoQV,not_in_pool_after_cutoff,"Naeem, M. F., Oh, S. J., Uh, Y., Choi, Y., & Yoo, J. (2020). Reliable Fidelity and Diversity Metrics for Generative Models. In H. D. III & A. Singh (Eds.), Proceedings of the 37th International Conference on Machine Learning (Vol. 119, pp. 7176–7185). PMLR."
"There is also more work on joint-distribution fidelity, e.g. (Improved) Precision and Recall, Density and Coverage, or Alpha-Precision and Recall. These are more modern and well-cited, and I think they are valuable to capture high-dimensional data quality.",,74,,,cnPfSIkoQV,not_in_pool_after_cutoff,"Sajjadi, M. S. M., Bachem, O., Lucic, M., Bousquet, O., & Gelly, S. (2018). Assessing Generative Models via Precision and Recall. In S. Bengio, H. Wallach, H. Larochelle, K. Grauman, N. Cesa-Bianchi, & R. Garnett (Eds.), Advances in Neural Information Processing Systems (Vol. 31)."
"They mention on p.12 some related work, but there are much more related surveys, e.g. (Jordon et al, 2022), (Savage et al, 2023) or (Van Breugel et al, 2024).",,74,,,cnPfSIkoQV,not_in_pool_after_cutoff,"Jordon, J., Szpruch, L., Houssiau, F., Bottarelli, M., Cherubin, G., Maple, C., Cohen, S. N., & Weller, A. (2022). Synthetic Data—What, why and how? (No. arXiv: 2205.03257)."
"They mention on p.12 some related work, but there are much more related surveys, e.g. (Jordon et al, 2022), (Savage et al, 2023) or (Van Breugel et al, 2024).",,74,,,cnPfSIkoQV,not_in_pool_after_cutoff,"Savage, N. (2023). Synthetic data could be better than real data. Nature."
"They mention on p.12 some related work, but there are much more related surveys, e.g. (Jordon et al, 2022), (Savage et al, 2023) or (Van Breugel et al, 2024).",,74,,,cnPfSIkoQV,not_in_pool_after_cutoff,"van Breugel, B., Liu, T., Oglic, D., & van der Schaar, M. (2024). Synthetic data in biomedicine via generative artificial intelligence. Nature Reviews Bioengineering, 2(12), 991-1004."
"The definition of utility in the paper (predictive performance) is narrow. Synthetic data could be used for many other purposes than machine learning. For example, Rosenblatt et al. (2023) and Perez et al. (2024) evaluate whether statistical inferences can be reproduced from synthetic data. These should be mentioned.",,74,,,UiWJxkNim3,not_in_pool_after_cutoff,Rosenblatt et al. (2023) - Epistemic Parity: Reproducibility as an Evaluation Metric for Differential Privacy
"The definition of utility in the paper (predictive performance) is narrow. Synthetic data could be used for many other purposes than machine learning. For example, Rosenblatt et al. (2023) and Perez et al. (2024) evaluate whether statistical inferences can be reproduced from synthetic data. These should be mentioned.",,74,,,UiWJxkNim3,not_in_pool_after_cutoff,Perez et al. (2024) - Does Differentially Private Synthetic Data Lead to Synthetic Discoveries?
"The focus on deep models is limiting. ... there are several very good non-deep tabular data generators, especially with differential privacy, that are hidden by this focus. Examples include ARF (Watson et al. 2023), Synthpop (Nowok et al. 2016) and AIM (McKenna et al. 2022).",,74,,,UiWJxkNim3,not_in_pool_after_cutoff,ARF (Watson et al. 2023) - Adversarial Random Forests for Density Estimation and Generative Modeling
"The focus on deep models is limiting. ... there are several very good non-deep tabular data generators, especially with differential privacy, that are hidden by this focus. Examples include ARF (Watson et al. 2023), Synthpop (Nowok et al. 2016) and AIM (McKenna et al. 2022).",,74,,,UiWJxkNim3,not_in_pool_after_cutoff,Synthpop (Nowok et al. 2016) - synthpop: Bespoke Creation of Synthetic Data in R
"The focus on deep models is limiting. ... there are several very good non-deep tabular data generators, especially with differential privacy, that are hidden by this focus. Examples include ARF (Watson et al. 2023), Synthpop (Nowok et al. 2016) and AIM (McKenna et al. 2022).",,74,,,UiWJxkNim3,not_in_pool_after_cutoff,AIM (McKenna et al. 2022) - AIM: an Adaptive and Iterative Mechanism for Differentially Private Synthetic Data
"In-scope methods or evaluation metrics that should be included:
- TPR at low FPR (Carlini et al. 2022) should be mentioned as a MIA evaluation metric.
- There is a line of work on synthetic data fidelity and diversity metrics that is not discussed. See Salvy et al. (2025) and the metrics they compare with. The original papers focus on image data, but these metrics can be used with tabular data, and have been used by for example Kotelnikov et al. (2023).
- TabPFNv2 (Hollman et al. 2025) can generate synthetic tabular data.
- GEM (Liu et al. 2021), DP-MERF (Harder et al. 2021) and derivatives of DP-MERF (Yang et al. 2024 and their references) are differentially private deep generative models.",,74,,,UiWJxkNim3,not_in_pool_after_cutoff,Carlini et al. (2022) - Membership Inference Attacks From First Principles
"In-scope methods or evaluation metrics that should be included:
- TPR at low FPR (Carlini et al. 2022) should be mentioned as a MIA evaluation metric.
- There is a line of work on synthetic data fidelity and diversity metrics that is not discussed. See Salvy et al. (2025) and the metrics they compare with. The original papers focus on image data, but these metrics can be used with tabular data, and have been used by for example Kotelnikov et al. (2023).
- TabPFNv2 (Hollman et al. 2025) can generate synthetic tabular data.
- GEM (Liu et al. 2021), DP-MERF (Harder et al. 2021) and derivatives of DP-MERF (Yang et al. 2024 and their references) are differentially private deep generative models.",,74,,,UiWJxkNim3,not_in_pool_after_cutoff,Salvy et al. (2025) - Enhanced Generative Model Evaluation with Clipped Density and Coverage
"In-scope methods or evaluation metrics that should be included:
- TPR at low FPR (Carlini et al. 2022) should be mentioned as a MIA evaluation metric.
- There is a line of work on synthetic data fidelity and diversity metrics that is not discussed. See Salvy et al. (2025) and the metrics they compare with. The original papers focus on image data, but these metrics can be used with tabular data, and have been used by for example Kotelnikov et al. (2023).
- TabPFNv2 (Hollman et al. 2025) can generate synthetic tabular data.
- GEM (Liu et al. 2021), DP-MERF (Harder et al. 2021) and derivatives of DP-MERF (Yang et al. 2024 and their references) are differentially private deep generative models.",,74,,,UiWJxkNim3,not_in_pool_after_cutoff,Kotelnikov et al. (2023) (use of fidelity metrics)
"In-scope methods or evaluation metrics that should be included:
- TPR at low FPR (Carlini et al. 2022) should be mentioned as a MIA evaluation metric.
- There is a line of work on synthetic data fidelity and diversity metrics that is not discussed. See Salvy et al. (2025) and the metrics they compare with. The original papers focus on image data, but these metrics can be used with tabular data, and have been used by for example Kotelnikov et al. (2023).
- TabPFNv2 (Hollman et al. 2025) can generate synthetic tabular data.
- GEM (Liu et al. 2021), DP-MERF (Harder et al. 2021) and derivatives of DP-MERF (Yang et al. 2024 and their references) are differentially private deep generative models.",,74,,,UiWJxkNim3,not_in_pool_after_cutoff,N. Hollman et al. (2025) - Accurate predictions on small data with a tabular foundation model
"In-scope methods or evaluation metrics that should be included:
- TPR at low FPR (Carlini et al. 2022) should be mentioned as a MIA evaluation metric.
- There is a line of work on synthetic data fidelity and diversity metrics that is not discussed. See Salvy et al. (2025) and the metrics they compare with. The original papers focus on image data, but these metrics can be used with tabular data, and have been used by for example Kotelnikov et al. (2023).
- TabPFNv2 (Hollman et al. 2025) can generate synthetic tabular data.
- GEM (Liu et al. 2021), DP-MERF (Harder et al. 2021) and derivatives of DP-MERF (Yang et al. 2024 and their references) are differentially private deep generative models.",,74,,,UiWJxkNim3,not_in_pool_after_cutoff,T. Liu et al. (2021) - Iterative Methods for Private Synthetic Data: Unifying Framework and New Methods
"In-scope methods or evaluation metrics that should be included:
- TPR at low FPR (Carlini et al. 2022) should be mentioned as a MIA evaluation metric.
- There is a line of work on synthetic data fidelity and diversity metrics that is not discussed. See Salvy et al. (2025) and the metrics they compare with. The original papers focus on image data, but these metrics can be used with tabular data, and have been used by for example Kotelnikov et al. (2023).
- TabPFNv2 (Hollman et al. 2025) can generate synthetic tabular data.
- GEM (Liu et al. 2021), DP-MERF (Harder et al. 2021) and derivatives of DP-MERF (Yang et al. 2024 and their references) are differentially private deep generative models.",,74,,,UiWJxkNim3,not_in_pool_after_cutoff,Harder et al. (2021) - DP-MERF: Differentially Private Mean Embeddings with Random Features for Practical Privacy-preserving Data Generation
"In-scope methods or evaluation metrics that should be included:
- TPR at low FPR (Carlini et al. 2022) should be mentioned as a MIA evaluation metric.
- There is a line of work on synthetic data fidelity and diversity metrics that is not discussed. See Salvy et al. (2025) and the metrics they compare with. The original papers focus on image data, but these metrics can be used with tabular data, and have been used by for example Kotelnikov et al. (2023).
- TabPFNv2 (Hollman et al. 2025) can generate synthetic tabular data.
- GEM (Liu et al. 2021), DP-MERF (Harder et al. 2021) and derivatives of DP-MERF (Yang et al. 2024 and their references) are differentially private deep generative models.",,74,,,UiWJxkNim3,not_in_pool_after_cutoff,Yang et al. (2024) - Differentially Private Neural Tangent Kernels (DP-NTK) for Privacy-Preserving Data Generation and their references
Add missing papers (e.g. AtmoRep),,76,,,eh1pjsCIE1,not_in_pool_after_cutoff,AtmoRep
"When discussing the PSRO and ongoing-training-based series of algorithms, some relevant references have not been mentioned: [1] transferred knowledge from previous iterations to the current iteration to accelerate the convergence, [2,3] used pre-trained policies to accelerate the learning process of PSRO.",,77,,,6VjQoAKCQT,already_cited,Iterative Empirical Game Solving via Single Policy Best Response
"When discussing the PSRO and ongoing-training-based series of algorithms, some relevant references have not been mentioned: [1] transferred knowledge from previous iterations to the current iteration to accelerate the convergence, [2,3] used pre-trained policies to accelerate the learning process of PSRO.",,77,,,6VjQoAKCQT,not_in_pool_after_cutoff,Grasper: A Generalist Pursuer for Pursuit-Evasion Problems
"When discussing the PSRO and ongoing-training-based series of algorithms, some relevant references have not been mentioned: [1] transferred knowledge from previous iterations to the current iteration to accelerate the convergence, [2,3] used pre-trained policies to accelerate the learning process of PSRO.",,77,,,6VjQoAKCQT,not_in_pool_after_cutoff,Solving Large-Scale Pursuit-Evasion Games Using Pre-Trained Strategies
Cui et. al “K-level Reasoning for Zero-Shot Coordination in Hanabi” and earlier papers where Jakob Foerster has been involved,,77,,,BzlKTeCQAT,already_cited,K-level Reasoning for Zero-Shot Coordination in Hanabi
"The following is an award-winning work on safety alignment that may be worth including: Qi et al., Safety Alignment Should Be Made More Than Just a Few Tokens Deep, ICLR 2025.",,81,,,6a8IvoDPmA,not_in_pool_after_cutoff,"Qi et al., Safety Alignment Should Be Made More Than Just a Few Tokens Deep, ICLR 2025"
"But there's a paper from 2017 about running SMOTE on the GPU (Gutiérrez et al. 2017, 'SMOTE-GPU: Big Data preprocessing on commodity hardware for imbalanced classification'",,82,,,76V1xB9f25,not_in_pool_after_cutoff,"Gutiérrez et al. 2017, 'SMOTE-GPU: Big Data preprocessing on commodity hardware for imbalanced classification'"
"Furthermore, the paper fails to cite or discuss foundational benchmarks like DomainBed [2], WILDS [3], or Uncertainty Baselines [4]. These resources are essential for practitioners seeking to evaluate and select methods for their own problems.",,85,,,AjejQULjNP,not_in_pool_after_cutoff,"An Empirical Study of Pre-trained Model Selection for Out-of-Distribution Generalization and Calibration, TMLR2025"
"Furthermore, the paper fails to cite or discuss foundational benchmarks like DomainBed [2], WILDS [3], or Uncertainty Baselines [4]. These resources are essential for practitioners seeking to evaluate and select methods for their own problems.",,85,,,AjejQULjNP,not_in_pool_after_cutoff,"In Search of Lost Domain Generalization, ICLR2021"
"Furthermore, the paper fails to cite or discuss foundational benchmarks like DomainBed [2], WILDS [3], or Uncertainty Baselines [4]. These resources are essential for practitioners seeking to evaluate and select methods for their own problems.",,85,,,AjejQULjNP,not_in_pool_after_cutoff,"WILDS: A Benchmark of in-the-Wild Distribution Shifts, ICML2021"
"Furthermore, the paper fails to cite or discuss foundational benchmarks like DomainBed [2], WILDS [3], or Uncertainty Baselines [4]. These resources are essential for practitioners seeking to evaluate and select methods for their own problems.",,85,,,AjejQULjNP,not_in_pool_after_cutoff,"Can You Trust Your Model's Uncertainty? Evaluating Predictive Uncertainty Under Dataset Shift?, NeurIPS2019"
But consider citing https://arxiv.org/abs/2402.07282 and https://arxiv.org/abs/2312.01350,,88,,,uXkNaMUbk8,not_in_pool_after_cutoff,https://arxiv.org/abs/2402.07282
But consider citing https://arxiv.org/abs/2402.07282 and https://arxiv.org/abs/2312.01350,,88,,,uXkNaMUbk8,not_in_pool_after_cutoff,https://arxiv.org/abs/2312.01350
"I think of the works of [1, 2]",,88,,,ssVGjMO8Lf,not_in_pool_after_cutoff,"Dhuliawala, Shehzaad, Vilém Zouhar, Mennatallah El-Assady, and Mrinmaya Sachan. ""A Diachronic Perspective on User Trust in AI under Uncertainty."" arXiv preprint arXiv:2310.13544 (2023)."
"I think of the works of [1, 2]",,88,,,ssVGjMO8Lf,not_in_pool_after_cutoff,"Zhou, Kaitlyn, Jena D. Hwang, Xiang Ren, and Maarten Sap. ""Relying on the Unreliable: The Impact of Language Models' Reluctance to Express Uncertainty."" arXiv preprint arXiv:2401.06730 (2024)."
Here I would refer for instance to the excellent work of [3].,,88,,,ssVGjMO8Lf,not_in_pool_after_cutoff,"Fierro, Constanza, Ruchira Dhar, Filippos Stamatiou, Nicolas Garneau, and Anders Søgaard. ""Defining knowledge: Bridging epistemology and large language models."" arXiv preprint arXiv:2410.02499 (2024)."
"There are more alternatives to the ECE that are not mentioned in the paper, specifically [4-10].",,88,,,ssVGjMO8Lf,not_in_pool_after_cutoff,"Kumar, Ananya, Percy S. Liang, and Tengyu Ma. ""Verified uncertainty calibration."" Advances in Neural Information Processing Systems 32 (2019)."
"There are more alternatives to the ECE that are not mentioned in the paper, specifically [4-10].",,88,,,ssVGjMO8Lf,not_in_pool_after_cutoff,"Zhang, Jize, Bhavya Kailkhura, and T. Yong-Jin Han. ""Mix-n-match: Ensemble and compositional methods for uncertainty calibration in deep learning."" In International conference on machine learning, pp. 11117-11128. PMLR, 2020."
"There are more alternatives to the ECE that are not mentioned in the paper, specifically [4-10].",,88,,,ssVGjMO8Lf,not_in_pool_after_cutoff,"Gruber, Sebastian, and Florian Buettner. ""Better uncertainty calibration via proper scores for classification and beyond."" Advances in Neural Information Processing Systems 35 (2022): 8618-8632."
"There are more alternatives to the ECE that are not mentioned in the paper, specifically [4-10].",,88,,,ssVGjMO8Lf,not_in_pool_after_cutoff,"Kirchenbauer, John, Jacob Oaks, and Eric Heim. ""What is Your Metric Telling You? Evaluating Classifier Calibration under Context-Specific Definitions of Reliability."" arXiv preprint arXiv:2205.11454 (2022)."
"There are more alternatives to the ECE that are not mentioned in the paper, specifically [4-10].",,88,,,ssVGjMO8Lf,not_in_pool_after_cutoff,"Roelofs, Rebecca, Nicholas Cain, Jonathon Shlens, and Michael C. Mozer. ""Mitigating bias in calibration error estimation."" In International Conference on Artificial Intelligence and Statistics, pp. 4036-4054. PMLR, 2022."
"There are more alternatives to the ECE that are not mentioned in the paper, specifically [4-10].",,88,,,ssVGjMO8Lf,not_in_pool_after_cutoff,"Błasiok, Jarosław, and Preetum Nakkiran. ""Smooth ECE: Principled reliability diagrams via kernel smoothing."" arXiv preprint arXiv:2309.12236 (2023)."
"There are more alternatives to the ECE that are not mentioned in the paper, specifically [4-10].",,88,,,ssVGjMO8Lf,not_in_pool_after_cutoff,"Chidambaram, Muthu, Holden Lee, Colin McSwiggen, and Semon Rezchikov. ""How Flawed is ECE? An Analysis via Logit Smoothing."" arXiv preprint arXiv:2402.10046 (2024)."
"There are additional references that show the shortcomings of verbalized uncertainty, i.e. [12, 13].",,88,,,ssVGjMO8Lf,not_in_pool_after_cutoff,"Yona, Gal, Roee Aharoni, and Mor Geva. ""Can Large Language Models Faithfully Express Their Intrinsic Uncertainty in Words?."" arXiv preprint arXiv:2405.16908 (2024)."
"There are additional references that show the shortcomings of verbalized uncertainty, i.e. [12, 13].",,88,,,ssVGjMO8Lf,not_in_pool_after_cutoff,"Krause, Lea, Wondimagegnhue Tufa, Selene Báez Santamaría, Angel Daza, Urja Khurana, and Piek Vossen. ""Confidently wrong: exploring the calibration and expression of (Un) certainty of large language models in a multilingual setting."" In Proceedings of the workshop on multimodal, multilingual natural language generation and multilingual WebNLG Challenge (MM-NLG 2023), pp. 1-9. 2023."
"There has been some recent work showing that, despite conventional belief, ReLU neurons can be used in INRs without positional encodings [1]. That paper makes a clear distinction between optimizing the INR to fit an image and the expressive power of the INR. Since this work is claiming that it provides an 'extensive review of INR methodologies and applications' it would be good to at least mention this work if not include it in the experiments.",W4399424853,89,0.0,150,P9TUVyx6TU,pool_candidate,ReLUs Are Sufficient for Learning Implicit Neural Representations
The paper does not consider or mention any work that tries to provide a theoretical understanding of why these methods work so well. For instance [2][3]. This might be worth mentioning these to make the survey more self-contained.,W4313156152,89,0.004514889243475979,2,P9TUVyx6TU,pool_candidate,A structured dictionary perspective on implicit neural representations
The paper does not consider or mention any work that tries to provide a theoretical understanding of why these methods work so well. For instance [2][3]. This might be worth mentioning these to make the survey more self-contained.,,89,,,P9TUVyx6TU,not_in_pool_after_cutoff,Towards a Sampling Theory for Implicit Neural Representations
Some important works on multi-modal context token compression are missing. Please add the discussion on recent EMLoC and previous Token Merger.,,90,,,xXLfJ2Myit,not_in_pool_after_cutoff,Efficient Multi-modal Long Context Learning for Training-free Adaptation (ICML25)
Some important works on multi-modal context token compression are missing. Please add the discussion on recent EMLoC and previous Token Merger.,,90,,,xXLfJ2Myit,not_in_pool_after_cutoff,Efficient Vision Transformer via Token Merger (TIP23)
Some additional references that you might want to consider are listed at the end.,,91,,,LxYSzSMdiX,not_in_pool_after_cutoff,"D. Papadimitriou et al. ""Bayesian Constraint Inference from User Demonstrations Based on Margin-Respecting Preference Models"", ICRA 2024"
Some additional references that you might want to consider are listed at the end.,,91,,,LxYSzSMdiX,not_in_pool_after_cutoff,"C. Basich et al. ""Learning Constraints on Autonomous Behavior from Proactive Feedback"", IROS 2023"
Some additional references that you might want to consider are listed at the end.,,91,,,LxYSzSMdiX,not_in_pool_after_cutoff,"J. Jang et al. ""Inverse Constraint Learning and Generalization by Transferable Reward Decomposition"", RA-L"
Some additional references that you might want to consider are listed at the end.,,91,,,LxYSzSMdiX,not_in_pool_after_cutoff,"K. Kim et al. ""Learning Shared Safety Constraints from Multi-task Demonstrations"" NIPS 2023"
Some additional references that you might want to consider are listed at the end.,,91,,,LxYSzSMdiX,not_in_pool_after_cutoff,"F. Palafox et al. ""Learning Hyperplanes for Multi-Agent Collision Avoidance in Space"""
Some additional references that you might want to consider are listed at the end.,,91,,,LxYSzSMdiX,not_in_pool_after_cutoff,"Q. Wei et al. ""Isoperimetric Constraint Inference for Discrete-Time Nonlinear Systems Based on Inverse Optimal Control"", TCYB"
Some additional references that you might want to consider are listed at the end.,,91,,,LxYSzSMdiX,not_in_pool_after_cutoff,"F. Ding et al, ""X-MEN: Guaranteed XOR-Maximum Entropy Constrained Inverse Reinforcement Learning"", UAI 2022"
Some additional references that you might want to consider are listed at the end.,,91,,,LxYSzSMdiX,not_in_pool_after_cutoff,"B. Peng et al. ""Positive-Unlabeled Constraint Learning (PUCL) for Inferring Nonlinear Continuous Constraints Functions from Expert Demonstrations"", arxiv"
Some additional references that you might want to consider are listed at the end.,,91,,,LxYSzSMdiX,not_in_pool_after_cutoff,"B. Yue et al. ""Provably Efficient Exploration in Inverse Constrained Reinforcement Learning"", arxiv"
"Please include the following works in the relevant sections: [1] P. Singhania et al., ""Loki: Low-rank Keys for Efficient Sparse Attention"", arXiv (2024). [2] C. Luo et al., ""HEADINFER: Memory-Efficient LLM Inference by Head-wise Offloading"", arXiv (2025). [3] Saxena et al., ""ResQ: Mixed-Precision Quantization of Large Language Models with Low-Rank Residuals"", arXiv (2024).",,92,,,eqiCCBEvLX,already_cited,Loki: Low-rank Keys for Efficient Sparse Attention
"Please include the following works in the relevant sections: [1] P. Singhania et al., ""Loki: Low-rank Keys for Efficient Sparse Attention"", arXiv (2024). [2] C. Luo et al., ""HEADINFER: Memory-Efficient LLM Inference by Head-wise Offloading"", arXiv (2025). [3] Saxena et al., ""ResQ: Mixed-Precision Quantization of Large Language Models with Low-Rank Residuals"", arXiv (2024).",,92,,,eqiCCBEvLX,already_cited,HEADINFER: Memory-Efficient LLM Inference by Head-wise Offloading
"Please include the following works in the relevant sections: [1] P. Singhania et al., ""Loki: Low-rank Keys for Efficient Sparse Attention"", arXiv (2024). [2] C. Luo et al., ""HEADINFER: Memory-Efficient LLM Inference by Head-wise Offloading"", arXiv (2025). [3] Saxena et al., ""ResQ: Mixed-Precision Quantization of Large Language Models with Low-Rank Residuals"", arXiv (2024).",,92,,,eqiCCBEvLX,not_in_pool_after_cutoff,ResQ: Mixed-Precision Quantization of Large Language Models with Low-Rank Residuals
The citation for FlashAttention v2 and v3 is missing,,92,,,aCQdbXAKkS,not_in_pool_after_cutoff,FlashAttention v2
The citation for FlashAttention v2 and v3 is missing,,92,,,aCQdbXAKkS,not_in_pool_after_cutoff,FlashAttention v3
Some works for KV Cache compression are missing in the token eviction and quantization section: - L2 norm based compression: https://arxiv.org/pdf/2406.11430,,92,,,aCQdbXAKkS,not_in_pool_after_cutoff,https://arxiv.org/pdf/2406.11430
These two works came out after the submission but they are very related: - SVD based compression: https://arxiv.org/abs/2503.02812 - more for keys less for values: https://arxiv.org/abs/2502.15075,,92,,,aCQdbXAKkS,not_in_pool_after_cutoff,https://arxiv.org/abs/2503.02812
These two works came out after the submission but they are very related: - SVD based compression: https://arxiv.org/abs/2503.02812 - more for keys less for values: https://arxiv.org/abs/2502.15075,,92,,,aCQdbXAKkS,not_in_pool_after_cutoff,https://arxiv.org/abs/2502.15075
"See for instance [1, 2] on reasoning shortcuts... Also [4]. ... a recent paper [3]... Section 6.2, connection to SAEs: The ActivationReasoning paper could be mentioned here ... Also [5] could be mentioned ... Some missing literature that's relevant: - Hsu, Joy, et al. 'What Makes a Maze Look Like a Maze?.' International Conference on Learning Representations (ICLR), 2025. - Mao, Jiayuan, Joshua B. Tenenbaum, and Jiajun Wu. 'Building Intelligent Agents with Neuro-Symbolic Concepts.' Communications of the ACM 69.2 (2026): 69-79. - Martínez-García, María, et al. 'A Probabilistic Hard Concept Bottleneck for Steerable Generative Models.' The Fourteenth International Conference on Learning Representations. 1. Marconato, Emanuele, et al. 'Not all neuro-symbolic concepts are created equal: Analysis and mitigation of reasoning shortcuts.' Advances in Neural Information Processing Systems 36 (2023): 72507-72539. 2. Marconato, Emanuele, et al. 'Symbol grounding in neuro-symbolic ai: A gentle introduction to reasoning shortcuts.' arXiv preprint arXiv:2510.14538 (2025). 3. Fokkema, Hidde, Tim van Erven, and Sara Magliacane. 'Sample-efficient learning of concepts with theoretical guarantees: from data to concepts without interventions.' NeurIPS (2025). 4. Hsu, Joy, et al. 'What’s left? concept grounding with logic-enhanced foundation models.' Advances in Neural Information Processing Systems 36 (2023): 38798-38814. 5. Fel, Thomas, and Gianni Franchi. 'A Geometric Unification of Concept Learning with Concept Cones.' arXiv preprint arXiv:2512.07355 (2025).",,93,,,pvrFjLzlWR,not_in_pool_after_cutoff,"Marconato, Emanuele, et al. 'Not all neuro-symbolic concepts are created equal: Analysis and mitigation of reasoning shortcuts.' Advances in Neural Information Processing Systems 36 (2023): 72507-72539."
"See for instance [1, 2] on reasoning shortcuts... Also [4]. ... a recent paper [3]... Section 6.2, connection to SAEs: The ActivationReasoning paper could be mentioned here ... Also [5] could be mentioned ... Some missing literature that's relevant: - Hsu, Joy, et al. 'What Makes a Maze Look Like a Maze?.' International Conference on Learning Representations (ICLR), 2025. - Mao, Jiayuan, Joshua B. Tenenbaum, and Jiajun Wu. 'Building Intelligent Agents with Neuro-Symbolic Concepts.' Communications of the ACM 69.2 (2026): 69-79. - Martínez-García, María, et al. 'A Probabilistic Hard Concept Bottleneck for Steerable Generative Models.' The Fourteenth International Conference on Learning Representations. 1. Marconato, Emanuele, et al. 'Not all neuro-symbolic concepts are created equal: Analysis and mitigation of reasoning shortcuts.' Advances in Neural Information Processing Systems 36 (2023): 72507-72539. 2. Marconato, Emanuele, et al. 'Symbol grounding in neuro-symbolic ai: A gentle introduction to reasoning shortcuts.' arXiv preprint arXiv:2510.14538 (2025). 3. Fokkema, Hidde, Tim van Erven, and Sara Magliacane. 'Sample-efficient learning of concepts with theoretical guarantees: from data to concepts without interventions.' NeurIPS (2025). 4. Hsu, Joy, et al. 'What’s left? concept grounding with logic-enhanced foundation models.' Advances in Neural Information Processing Systems 36 (2023): 38798-38814. 5. Fel, Thomas, and Gianni Franchi. 'A Geometric Unification of Concept Learning with Concept Cones.' arXiv preprint arXiv:2512.07355 (2025).",,93,,,pvrFjLzlWR,not_in_pool_after_cutoff,"Marconato, Emanuele, et al. 'Symbol grounding in neuro-symbolic ai: A gentle introduction to reasoning shortcuts.' arXiv preprint arXiv:2510.14538 (2025)."
"See for instance [1, 2] on reasoning shortcuts... Also [4]. ... a recent paper [3]... Section 6.2, connection to SAEs: The ActivationReasoning paper could be mentioned here ... Also [5] could be mentioned ... Some missing literature that's relevant: - Hsu, Joy, et al. 'What Makes a Maze Look Like a Maze?.' International Conference on Learning Representations (ICLR), 2025. - Mao, Jiayuan, Joshua B. Tenenbaum, and Jiajun Wu. 'Building Intelligent Agents with Neuro-Symbolic Concepts.' Communications of the ACM 69.2 (2026): 69-79. - Martínez-García, María, et al. 'A Probabilistic Hard Concept Bottleneck for Steerable Generative Models.' The Fourteenth International Conference on Learning Representations. 1. Marconato, Emanuele, et al. 'Not all neuro-symbolic concepts are created equal: Analysis and mitigation of reasoning shortcuts.' Advances in Neural Information Processing Systems 36 (2023): 72507-72539. 2. Marconato, Emanuele, et al. 'Symbol grounding in neuro-symbolic ai: A gentle introduction to reasoning shortcuts.' arXiv preprint arXiv:2510.14538 (2025). 3. Fokkema, Hidde, Tim van Erven, and Sara Magliacane. 'Sample-efficient learning of concepts with theoretical guarantees: from data to concepts without interventions.' NeurIPS (2025). 4. Hsu, Joy, et al. 'What’s left? concept grounding with logic-enhanced foundation models.' Advances in Neural Information Processing Systems 36 (2023): 38798-38814. 5. Fel, Thomas, and Gianni Franchi. 'A Geometric Unification of Concept Learning with Concept Cones.' arXiv preprint arXiv:2512.07355 (2025).",,93,,,pvrFjLzlWR,not_in_pool_after_cutoff,"Fokkema, Hidde, Tim van Erven, and Sara Magliacane. 'Sample-efficient learning of concepts with theoretical guarantees: from data to concepts without interventions.' NeurIPS (2025)."
"See for instance [1, 2] on reasoning shortcuts... Also [4]. ... a recent paper [3]... Section 6.2, connection to SAEs: The ActivationReasoning paper could be mentioned here ... Also [5] could be mentioned ... Some missing literature that's relevant: - Hsu, Joy, et al. 'What Makes a Maze Look Like a Maze?.' International Conference on Learning Representations (ICLR), 2025. - Mao, Jiayuan, Joshua B. Tenenbaum, and Jiajun Wu. 'Building Intelligent Agents with Neuro-Symbolic Concepts.' Communications of the ACM 69.2 (2026): 69-79. - Martínez-García, María, et al. 'A Probabilistic Hard Concept Bottleneck for Steerable Generative Models.' The Fourteenth International Conference on Learning Representations. 1. Marconato, Emanuele, et al. 'Not all neuro-symbolic concepts are created equal: Analysis and mitigation of reasoning shortcuts.' Advances in Neural Information Processing Systems 36 (2023): 72507-72539. 2. Marconato, Emanuele, et al. 'Symbol grounding in neuro-symbolic ai: A gentle introduction to reasoning shortcuts.' arXiv preprint arXiv:2510.14538 (2025). 3. Fokkema, Hidde, Tim van Erven, and Sara Magliacane. 'Sample-efficient learning of concepts with theoretical guarantees: from data to concepts without interventions.' NeurIPS (2025). 4. Hsu, Joy, et al. 'What’s left? concept grounding with logic-enhanced foundation models.' Advances in Neural Information Processing Systems 36 (2023): 38798-38814. 5. Fel, Thomas, and Gianni Franchi. 'A Geometric Unification of Concept Learning with Concept Cones.' arXiv preprint arXiv:2512.07355 (2025).",,93,,,pvrFjLzlWR,not_in_pool_after_cutoff,"Hsu, Joy, et al. 'What’s left? concept grounding with logic-enhanced foundation models.' Advances in Neural Information Processing Systems 36 (2023): 38798-38814."
"See for instance [1, 2] on reasoning shortcuts... Also [4]. ... a recent paper [3]... Section 6.2, connection to SAEs: The ActivationReasoning paper could be mentioned here ... Also [5] could be mentioned ... Some missing literature that's relevant: - Hsu, Joy, et al. 'What Makes a Maze Look Like a Maze?.' International Conference on Learning Representations (ICLR), 2025. - Mao, Jiayuan, Joshua B. Tenenbaum, and Jiajun Wu. 'Building Intelligent Agents with Neuro-Symbolic Concepts.' Communications of the ACM 69.2 (2026): 69-79. - Martínez-García, María, et al. 'A Probabilistic Hard Concept Bottleneck for Steerable Generative Models.' The Fourteenth International Conference on Learning Representations. 1. Marconato, Emanuele, et al. 'Not all neuro-symbolic concepts are created equal: Analysis and mitigation of reasoning shortcuts.' Advances in Neural Information Processing Systems 36 (2023): 72507-72539. 2. Marconato, Emanuele, et al. 'Symbol grounding in neuro-symbolic ai: A gentle introduction to reasoning shortcuts.' arXiv preprint arXiv:2510.14538 (2025). 3. Fokkema, Hidde, Tim van Erven, and Sara Magliacane. 'Sample-efficient learning of concepts with theoretical guarantees: from data to concepts without interventions.' NeurIPS (2025). 4. Hsu, Joy, et al. 'What’s left? concept grounding with logic-enhanced foundation models.' Advances in Neural Information Processing Systems 36 (2023): 38798-38814. 5. Fel, Thomas, and Gianni Franchi. 'A Geometric Unification of Concept Learning with Concept Cones.' arXiv preprint arXiv:2512.07355 (2025).",,93,,,pvrFjLzlWR,not_in_pool_after_cutoff,"Fel, Thomas, and Gianni Franchi. 'A Geometric Unification of Concept Learning with Concept Cones.' arXiv preprint arXiv:2512.07355 (2025)."
"See for instance [1, 2] on reasoning shortcuts... Also [4]. ... a recent paper [3]... Section 6.2, connection to SAEs: The ActivationReasoning paper could be mentioned here ... Also [5] could be mentioned ... Some missing literature that's relevant: - Hsu, Joy, et al. 'What Makes a Maze Look Like a Maze?.' International Conference on Learning Representations (ICLR), 2025. - Mao, Jiayuan, Joshua B. Tenenbaum, and Jiajun Wu. 'Building Intelligent Agents with Neuro-Symbolic Concepts.' Communications of the ACM 69.2 (2026): 69-79. - Martínez-García, María, et al. 'A Probabilistic Hard Concept Bottleneck for Steerable Generative Models.' The Fourteenth International Conference on Learning Representations. 1. Marconato, Emanuele, et al. 'Not all neuro-symbolic concepts are created equal: Analysis and mitigation of reasoning shortcuts.' Advances in Neural Information Processing Systems 36 (2023): 72507-72539. 2. Marconato, Emanuele, et al. 'Symbol grounding in neuro-symbolic ai: A gentle introduction to reasoning shortcuts.' arXiv preprint arXiv:2510.14538 (2025). 3. Fokkema, Hidde, Tim van Erven, and Sara Magliacane. 'Sample-efficient learning of concepts with theoretical guarantees: from data to concepts without interventions.' NeurIPS (2025). 4. Hsu, Joy, et al. 'What’s left? concept grounding with logic-enhanced foundation models.' Advances in Neural Information Processing Systems 36 (2023): 38798-38814. 5. Fel, Thomas, and Gianni Franchi. 'A Geometric Unification of Concept Learning with Concept Cones.' arXiv preprint arXiv:2512.07355 (2025).",,93,,,pvrFjLzlWR,not_in_pool_after_cutoff,"Hsu, Joy, et al. 'What Makes a Maze Look Like a Maze?.' International Conference on Learning Representations (ICLR), 2025."
"See for instance [1, 2] on reasoning shortcuts... Also [4]. ... a recent paper [3]... Section 6.2, connection to SAEs: The ActivationReasoning paper could be mentioned here ... Also [5] could be mentioned ... Some missing literature that's relevant: - Hsu, Joy, et al. 'What Makes a Maze Look Like a Maze?.' International Conference on Learning Representations (ICLR), 2025. - Mao, Jiayuan, Joshua B. Tenenbaum, and Jiajun Wu. 'Building Intelligent Agents with Neuro-Symbolic Concepts.' Communications of the ACM 69.2 (2026): 69-79. - Martínez-García, María, et al. 'A Probabilistic Hard Concept Bottleneck for Steerable Generative Models.' The Fourteenth International Conference on Learning Representations. 1. Marconato, Emanuele, et al. 'Not all neuro-symbolic concepts are created equal: Analysis and mitigation of reasoning shortcuts.' Advances in Neural Information Processing Systems 36 (2023): 72507-72539. 2. Marconato, Emanuele, et al. 'Symbol grounding in neuro-symbolic ai: A gentle introduction to reasoning shortcuts.' arXiv preprint arXiv:2510.14538 (2025). 3. Fokkema, Hidde, Tim van Erven, and Sara Magliacane. 'Sample-efficient learning of concepts with theoretical guarantees: from data to concepts without interventions.' NeurIPS (2025). 4. Hsu, Joy, et al. 'What’s left? concept grounding with logic-enhanced foundation models.' Advances in Neural Information Processing Systems 36 (2023): 38798-38814. 5. Fel, Thomas, and Gianni Franchi. 'A Geometric Unification of Concept Learning with Concept Cones.' arXiv preprint arXiv:2512.07355 (2025).",,93,,,pvrFjLzlWR,not_in_pool_after_cutoff,"Mao, Jiayuan, Joshua B. Tenenbaum, and Jiajun Wu. 'Building Intelligent Agents with Neuro-Symbolic Concepts.' Communications of the ACM 69.2 (2026): 69-79."
"See for instance [1, 2] on reasoning shortcuts... Also [4]. ... a recent paper [3]... Section 6.2, connection to SAEs: The ActivationReasoning paper could be mentioned here ... Also [5] could be mentioned ... Some missing literature that's relevant: - Hsu, Joy, et al. 'What Makes a Maze Look Like a Maze?.' International Conference on Learning Representations (ICLR), 2025. - Mao, Jiayuan, Joshua B. Tenenbaum, and Jiajun Wu. 'Building Intelligent Agents with Neuro-Symbolic Concepts.' Communications of the ACM 69.2 (2026): 69-79. - Martínez-García, María, et al. 'A Probabilistic Hard Concept Bottleneck for Steerable Generative Models.' The Fourteenth International Conference on Learning Representations. 1. Marconato, Emanuele, et al. 'Not all neuro-symbolic concepts are created equal: Analysis and mitigation of reasoning shortcuts.' Advances in Neural Information Processing Systems 36 (2023): 72507-72539. 2. Marconato, Emanuele, et al. 'Symbol grounding in neuro-symbolic ai: A gentle introduction to reasoning shortcuts.' arXiv preprint arXiv:2510.14538 (2025). 3. Fokkema, Hidde, Tim van Erven, and Sara Magliacane. 'Sample-efficient learning of concepts with theoretical guarantees: from data to concepts without interventions.' NeurIPS (2025). 4. Hsu, Joy, et al. 'What’s left? concept grounding with logic-enhanced foundation models.' Advances in Neural Information Processing Systems 36 (2023): 38798-38814. 5. Fel, Thomas, and Gianni Franchi. 'A Geometric Unification of Concept Learning with Concept Cones.' arXiv preprint arXiv:2512.07355 (2025).",W4379474664,93,0.0,97,pvrFjLzlWR,pool_candidate,"Martínez-García, María, et al. 'A Probabilistic Hard Concept Bottleneck for Steerable Generative Models.' The Fourteenth International Conference on Learning Representations."
"See for instance [1, 2] on reasoning shortcuts... Also [4]. ... a recent paper [3]... Section 6.2, connection to SAEs: The ActivationReasoning paper could be mentioned here ... Also [5] could be mentioned ... Some missing literature that's relevant: - Hsu, Joy, et al. 'What Makes a Maze Look Like a Maze?.' International Conference on Learning Representations (ICLR), 2025. - Mao, Jiayuan, Joshua B. Tenenbaum, and Jiajun Wu. 'Building Intelligent Agents with Neuro-Symbolic Concepts.' Communications of the ACM 69.2 (2026): 69-79. - Martínez-García, María, et al. 'A Probabilistic Hard Concept Bottleneck for Steerable Generative Models.' The Fourteenth International Conference on Learning Representations. 1. Marconato, Emanuele, et al. 'Not all neuro-symbolic concepts are created equal: Analysis and mitigation of reasoning shortcuts.' Advances in Neural Information Processing Systems 36 (2023): 72507-72539. 2. Marconato, Emanuele, et al. 'Symbol grounding in neuro-symbolic ai: A gentle introduction to reasoning shortcuts.' arXiv preprint arXiv:2510.14538 (2025). 3. Fokkema, Hidde, Tim van Erven, and Sara Magliacane. 'Sample-efficient learning of concepts with theoretical guarantees: from data to concepts without interventions.' NeurIPS (2025). 4. Hsu, Joy, et al. 'What’s left? concept grounding with logic-enhanced foundation models.' Advances in Neural Information Processing Systems 36 (2023): 38798-38814. 5. Fel, Thomas, and Gianni Franchi. 'A Geometric Unification of Concept Learning with Concept Cones.' arXiv preprint arXiv:2512.07355 (2025).",,93,,,pvrFjLzlWR,not_in_pool_after_cutoff,ActivationReasoning paper (not fully specified)
"I would recommend the authors to add another section to discuss the differences and relationships between this survey and exsisting surveys on video generation, such as [1].",,94,,,Ikqtea0BS5,not_in_pool_after_cutoff,Controllable video generation: A survey.
"These references seem to be missing from the references section: [Hu et al., 2024], [Hu et al., 2025]",,95,,,Vkoqw0nuQ0,not_in_pool_after_cutoff,"Hu et al., 2024"
"These references seem to be missing from the references section: [Hu et al., 2024], [Hu et al., 2025]",,95,,,Vkoqw0nuQ0,not_in_pool_after_cutoff,"Hu et al., 2025"
"And correspondingly, the related works are missing in both aspects, such as [1] and [2]",,96,,,ALrnGjcYhQ,not_in_pool_after_cutoff,"Ye, Z., Arenz, O., & Kersting, K. (2025). Learning from Less: Guiding Deep Reinforcement Learning with Differentiable Symbolic Planning. arXiv preprint arXiv:2505.11661."
"And correspondingly, the related works are missing in both aspects, such as [1] and [2]",,96,,,ALrnGjcYhQ,not_in_pool_after_cutoff,"Kienle, C., Alt, B., Arenz, O., & Peters, J. (2025). LODGE: Joint Hierarchical Task Planning and Learning of Domain Models with Grounded Execution. arXiv preprint arXiv:2505.13497."
"See, for example 'Provable repair of deep neural networks' by Sotoudeh and Thakur (2021).",,96,,,ZN3SVAzyrK,not_in_pool_after_cutoff,Provable repair of deep neural networks by Sotoudeh and Thakur (2021)
"The following works might help contextualize the effect of demonstrations on in-context learning: https://arxiv.org/abs/2303.03846, https://arxiv.org/abs/2305.09731

Though more recent than your submission, these works discuss using larger context windows to fit more in-context learning examples which would remove the need for selection of examples: https://cdn.sanity.io/files/4zrzovbb/website/af5633c94ed2beb282f6a53c595eb437e8e7b630.pdf, https://arxiv.org/abs/2405.00200",,97,,,eqv9bOY2ln,not_in_pool_after_cutoff,https://arxiv.org/abs/2303.03846
"The following works might help contextualize the effect of demonstrations on in-context learning: https://arxiv.org/abs/2303.03846, https://arxiv.org/abs/2305.09731

Though more recent than your submission, these works discuss using larger context windows to fit more in-context learning examples which would remove the need for selection of examples: https://cdn.sanity.io/files/4zrzovbb/website/af5633c94ed2beb282f6a53c595eb437e8e7b630.pdf, https://arxiv.org/abs/2405.00200",,97,,,eqv9bOY2ln,not_in_pool_after_cutoff,https://arxiv.org/abs/2305.09731
"The following works might help contextualize the effect of demonstrations on in-context learning: https://arxiv.org/abs/2303.03846, https://arxiv.org/abs/2305.09731

Though more recent than your submission, these works discuss using larger context windows to fit more in-context learning examples which would remove the need for selection of examples: https://cdn.sanity.io/files/4zrzovbb/website/af5633c94ed2beb282f6a53c595eb437e8e7b630.pdf, https://arxiv.org/abs/2405.00200",,97,,,eqv9bOY2ln,not_in_pool_after_cutoff,https://cdn.sanity.io/files/4zrzovbb/website/af5633c94ed2beb282f6a53c595eb437e8e7b630.pdf
"The following works might help contextualize the effect of demonstrations on in-context learning: https://arxiv.org/abs/2303.03846, https://arxiv.org/abs/2305.09731

Though more recent than your submission, these works discuss using larger context windows to fit more in-context learning examples which would remove the need for selection of examples: https://cdn.sanity.io/files/4zrzovbb/website/af5633c94ed2beb282f6a53c595eb437e8e7b630.pdf, https://arxiv.org/abs/2405.00200",,97,,,eqv9bOY2ln,not_in_pool_after_cutoff,https://arxiv.org/abs/2405.00200
"Please include the works [1,2,3]",,102,,,APwLYRglEK,not_in_pool_after_cutoff,"Chen, Weiqing, Pengzhi Zhang, Tu N. Tran et al. ""A visual–omics foundation model to bridge histopathology with spatial transcriptomics."" Nature Methods (2025): 1-15."
"Please include the works [1,2,3]",,102,,,APwLYRglEK,not_in_pool_after_cutoff,"Lyu, Weimin, Qingqiao Hu, Kehan Qi et al. ""Efficient Whole Slide Pathology VQA via Token Compression."" arXiv preprint arXiv:2507.14497 (2025)."
"Please include the works [1,2,3]",,102,,,APwLYRglEK,not_in_pool_after_cutoff,"Tran, Manuel, Paul Schmidle, Ruifeng Ray Guo et al. ""Generating dermatopathology reports from gigapixel whole slide images with HistoGPT."" Nature Communications 16, no. 1 (2025): 4886."
"For example, ""However, the work lacks a comparison with diffusion-based models like TabDDPM ...""* neither TabDDPM nor the specifics of diffusion techniques have been discussed",,105,,,Y90Vb8R1sn,not_in_pool_after_cutoff,TabDDPM
"Since EHR data corresponds to clinical events with timestamps, there is a natural sequential, partial ordering that can be used quite effectively for deep learning based approaches that consistently outperform XGBoost methods (BERT-style): BEHRT [1], Med-BERT [2], (GPT-style): CLMBR [3], (T5-style): TransformEHR [4].",,105,,,Y90Vb8R1sn,not_in_pool_after_cutoff,BEHRT: transformer for electronic health records
"Since EHR data corresponds to clinical events with timestamps, there is a natural sequential, partial ordering that can be used quite effectively for deep learning based approaches that consistently outperform XGBoost methods (BERT-style): BEHRT [1], Med-BERT [2], (GPT-style): CLMBR [3], (T5-style): TransformEHR [4].",,105,,,Y90Vb8R1sn,not_in_pool_after_cutoff,Med-BERT: pretrained contextualized embeddings on large-scale structured electronic health records for disease prediction
"Since EHR data corresponds to clinical events with timestamps, there is a natural sequential, partial ordering that can be used quite effectively for deep learning based approaches that consistently outperform XGBoost methods (BERT-style): BEHRT [1], Med-BERT [2], (GPT-style): CLMBR [3], (T5-style): TransformEHR [4].",,105,,,Y90Vb8R1sn,not_in_pool_after_cutoff,Language models are an effective representation learning technique for electronic health record data
"Since EHR data corresponds to clinical events with timestamps, there is a natural sequential, partial ordering that can be used quite effectively for deep learning based approaches that consistently outperform XGBoost methods (BERT-style): BEHRT [1], Med-BERT [2], (GPT-style): CLMBR [3], (T5-style): TransformEHR [4].",,105,,,Y90Vb8R1sn,not_in_pool_after_cutoff,TransformEHR: transformer-based encoder-decoder generative model to enhance prediction of disease outcomes using electronic health records
"a number of followup works are not addressed in this paper (e.g. further versions of MobileNet and Yolo — e.g. Yolo v5, mobilenet v3 — and these choices to omit certain architectures should be explained)",,106,,,N7aloTQpcP,not_in_pool_after_cutoff,Yolo v5
"a number of followup works are not addressed in this paper (e.g. further versions of MobileNet and Yolo — e.g. Yolo v5, mobilenet v3 — and these choices to omit certain architectures should be explained)",,106,,,N7aloTQpcP,not_in_pool_after_cutoff,mobilenet v3
"Moreover, A few important works are not included. For example, a big part of score-based approaches on dynamic programming and integer programming causal discovery algorithms are not discussed (they are the state of the art methods in exact causal discovery learning). Popular CAM method (which include PNS) is not discussed. DAG-NoFear, which highlights the limitation of gradient-based methods, is not discussed.",,108,,,zE4a7GfAFJ,not_in_pool_after_cutoff,CAM method (which includes PNS)
"Moreover, A few important works are not included. For example, a big part of score-based approaches on dynamic programming and integer programming causal discovery algorithms are not discussed (they are the state of the art methods in exact causal discovery learning). Popular CAM method (which include PNS) is not discussed. DAG-NoFear, which highlights the limitation of gradient-based methods, is not discussed.",,108,,,zE4a7GfAFJ,not_in_pool_after_cutoff,DAG-NoFear
"The section regarding Quantifying Memorization seems to lack additional details. For example, several papers regarding discoverable memorization are not discussed [1, 2, 3].",,112,,,6ZSb6n5lVi,not_in_pool_after_cutoff,"Quantifying Memorization Across Neural Language Models, ICLR 2023"
"The section regarding Quantifying Memorization seems to lack additional details. For example, several papers regarding discoverable memorization are not discussed [1, 2, 3].",,112,,,6ZSb6n5lVi,not_in_pool_after_cutoff,"Controlling the extraction of memorized data from large language models via prompt-tuning, ACL 2023"
"The section regarding Quantifying Memorization seems to lack additional details. For example, several papers regarding discoverable memorization are not discussed [1, 2, 3].",,112,,,6ZSb6n5lVi,not_in_pool_after_cutoff,"Unlocking Memorization in Large Language Models with Dynamic Soft Prompting, EMNLP 2024"
"several relevant survey works on data contamination appear missing from the discussion: [1] (accepted in 2024), [2] (2025 preprint).",,112,,,f4qo1vzZ94,not_in_pool_after_cutoff,"Deng, C., Zhao, Y., Heng, Y., Li, Y., Cao, J., Tang, X., & Cohan, A. (2024). Unveiling the Spectrum of Data Contamination in Language Model: A Survey from Detection to Remediation. In Findings of the Association for Computational Linguistics ACL 2024 (pp. 16078-16092)."
"several relevant survey works on data contamination appear missing from the discussion: [1] (accepted in 2024), [2] (2025 preprint).",W4407806804,112,0.0,154,f4qo1vzZ94,pool_candidate,"Cheng, Y., Chang, Y., & Wu, Y. (2025). A Survey on Data Contamination for Large Language Models. arXiv preprint arXiv:2502.14425."
"Some other references that could be useful: [1], [2] (benchmarks), [3]",,113,,,cpHGQgR8w1,already_cited,Open-Ended Instructable Embodied Agents with Memory-Augmented Large Language Models
"Some other references that could be useful: [1], [2] (benchmarks), [3]",,113,,,cpHGQgR8w1,not_in_pool_after_cutoff,"Behavior-1k: A benchmark for embodied ai with 1,000 everyday activities and realistic simulation"
"Some other references that could be useful: [1], [2] (benchmarks), [3]",,113,,,cpHGQgR8w1,already_cited,Code as policies: Language model programs for embodied control
Provide some references for the definition of PII. I would suggest the NIST and GDPR definitions,,114,,,2vfWGIEBHk,not_in_pool_after_cutoff,NIST definition of PII
Provide some references for the definition of PII. I would suggest the NIST and GDPR definitions,,114,,,2vfWGIEBHk,not_in_pool_after_cutoff,GDPR definition of PII
I would suggest (Gentry 2009) as a reference for homomorphic encryption,,114,,,2vfWGIEBHk,not_in_pool_after_cutoff,Gentry 2009
"For oblivious transfer, I would suggest (Michael O. Rabin, 1981), (Even, Goldreich, Lempel, 1985), or (Brassard, Crépeau, Robert 1986)",,114,,,2vfWGIEBHk,not_in_pool_after_cutoff,"Michael O. Rabin, 1981"
"For oblivious transfer, I would suggest (Michael O. Rabin, 1981), (Even, Goldreich, Lempel, 1985), or (Brassard, Crépeau, Robert 1986)",,114,,,2vfWGIEBHk,not_in_pool_after_cutoff,"Even, Goldreich, Lempel, 1985"
"For oblivious transfer, I would suggest (Michael O. Rabin, 1981), (Even, Goldreich, Lempel, 1985), or (Brassard, Crépeau, Robert 1986)",,114,,,2vfWGIEBHk,not_in_pool_after_cutoff,"Brassard, Crépeau, Robert 1986"
"Some articles about autosurvey are not included in the evaluation such as SurveyForge [A], SurveyX [B].",,130,,,EABM8ybIcA,not_in_pool_after_cutoff,"Surveyforge: On the outline heuristics, memory-driven generation, and multi-dimensional evaluation for automated survey writing"
"Some articles about autosurvey are not included in the evaluation such as SurveyForge [A], SurveyX [B].",,130,,,EABM8ybIcA,not_in_pool_after_cutoff,Surveyx: Academic survey automation via large language models
"I think that the authors missed this citation: Kim, Jungtaek, Seungjin Choi, and Minsu Cho. ""Combinatorial Bayesian optimization with random mapping functions to convex polytopes."" Uncertainty in Artificial Intelligence. PMLR, 2022.",W4320473438,132,0.0,165,bvOwYDSrJL,pool_candidate,"Kim, Jungtaek, Seungjin Choi, and Minsu Cho. ""Combinatorial Bayesian optimization with random mapping functions to convex polytopes."" Uncertainty in Artificial Intelligence. PMLR, 2022."
"Additionally, the author overlooks the inclusion of several crucial references pertinent to self-training. It is advised that the author rectify the formatting of the references and supplement the paper with the relevant omitted literature. [a] Self-training with noisy student improves imagenet classification. CVPR 2020 [b] Multi-task self-training for learning general representations. ICCV 2021",,133,,,UHc7Cx1gvf,not_in_pool_after_cutoff,Self-training with noisy student improves imagenet classification. CVPR 2020
"Additionally, the author overlooks the inclusion of several crucial references pertinent to self-training. It is advised that the author rectify the formatting of the references and supplement the paper with the relevant omitted literature. [a] Self-training with noisy student improves imagenet classification. CVPR 2020 [b] Multi-task self-training for learning general representations. ICCV 2021",,133,,,UHc7Cx1gvf,not_in_pool_after_cutoff,Multi-task self-training for learning general representations. ICCV 2021
"The survey does not include faithfulness in the context of data-to-text. 

Handling Divergent Reference Texts when Evaluating Table-to-Text Generation
https://arxiv.org/pdf/1906.01081",,134,,,7jQHbSVwDK,not_in_pool_after_cutoff,Handling Divergent Reference Texts when Evaluating Table-to-Text Generation
"Missing references:

Language Models (Mostly) Know What They Know (LLm-based, self-consistency)
https://arxiv.org/abs/2207.05221

Leveraging Entailment Judgements in Cross-Lingual Summarisation (multi-lingual, hallucination evaluation cross-language)
https://aclanthology.org/2024.findings-acl.862/

Fine-grained natural language inference based faithfulness evaluation for diverse summarisation tasks (NLI, SF based, finer granularity)
https://aclanthology.org/2024.eacl-long.102/

The Hallucinations Leaderboard--An Open Effort to Measure Hallucinations in Large Language Models (Emerging Hallucination Types, LLMs/Tasks leaderboard)
https://arxiv.org/pdf/2404.05904?

Uncertainty Quantification in Retrieval Augmented Question Answering (hallucinations in RAG QA via uncertainty)
https://arxiv.org/pdf/2502.18108?",,134,,,7jQHbSVwDK,not_in_pool_after_cutoff,Language Models (Mostly) Know What They Know
"Missing references:

Language Models (Mostly) Know What They Know (LLm-based, self-consistency)
https://arxiv.org/abs/2207.05221

Leveraging Entailment Judgements in Cross-Lingual Summarisation (multi-lingual, hallucination evaluation cross-language)
https://aclanthology.org/2024.findings-acl.862/

Fine-grained natural language inference based faithfulness evaluation for diverse summarisation tasks (NLI, SF based, finer granularity)
https://aclanthology.org/2024.eacl-long.102/

The Hallucinations Leaderboard--An Open Effort to Measure Hallucinations in Large Language Models (Emerging Hallucination Types, LLMs/Tasks leaderboard)
https://arxiv.org/pdf/2404.05904?

Uncertainty Quantification in Retrieval Augmented Question Answering (hallucinations in RAG QA via uncertainty)
https://arxiv.org/pdf/2502.18108?",,134,,,7jQHbSVwDK,not_in_pool_after_cutoff,Leveraging Entailment Judgements in Cross-Lingual Summarisation
"Missing references:

Language Models (Mostly) Know What They Know (LLm-based, self-consistency)
https://arxiv.org/abs/2207.05221

Leveraging Entailment Judgements in Cross-Lingual Summarisation (multi-lingual, hallucination evaluation cross-language)
https://aclanthology.org/2024.findings-acl.862/

Fine-grained natural language inference based faithfulness evaluation for diverse summarisation tasks (NLI, SF based, finer granularity)
https://aclanthology.org/2024.eacl-long.102/

The Hallucinations Leaderboard--An Open Effort to Measure Hallucinations in Large Language Models (Emerging Hallucination Types, LLMs/Tasks leaderboard)
https://arxiv.org/pdf/2404.05904?

Uncertainty Quantification in Retrieval Augmented Question Answering (hallucinations in RAG QA via uncertainty)
https://arxiv.org/pdf/2502.18108?",,134,,,7jQHbSVwDK,not_in_pool_after_cutoff,Fine-grained natural language inference based faithfulness evaluation for diverse summarisation tasks
"Missing references:

Language Models (Mostly) Know What They Know (LLm-based, self-consistency)
https://arxiv.org/abs/2207.05221

Leveraging Entailment Judgements in Cross-Lingual Summarisation (multi-lingual, hallucination evaluation cross-language)
https://aclanthology.org/2024.findings-acl.862/

Fine-grained natural language inference based faithfulness evaluation for diverse summarisation tasks (NLI, SF based, finer granularity)
https://aclanthology.org/2024.eacl-long.102/

The Hallucinations Leaderboard--An Open Effort to Measure Hallucinations in Large Language Models (Emerging Hallucination Types, LLMs/Tasks leaderboard)
https://arxiv.org/pdf/2404.05904?

Uncertainty Quantification in Retrieval Augmented Question Answering (hallucinations in RAG QA via uncertainty)
https://arxiv.org/pdf/2502.18108?",,134,,,7jQHbSVwDK,not_in_pool_after_cutoff,The Hallucinations Leaderboard--An Open Effort to Measure Hallucinations in Large Language Models
"Missing references:

Language Models (Mostly) Know What They Know (LLm-based, self-consistency)
https://arxiv.org/abs/2207.05221

Leveraging Entailment Judgements in Cross-Lingual Summarisation (multi-lingual, hallucination evaluation cross-language)
https://aclanthology.org/2024.findings-acl.862/

Fine-grained natural language inference based faithfulness evaluation for diverse summarisation tasks (NLI, SF based, finer granularity)
https://aclanthology.org/2024.eacl-long.102/

The Hallucinations Leaderboard--An Open Effort to Measure Hallucinations in Large Language Models (Emerging Hallucination Types, LLMs/Tasks leaderboard)
https://arxiv.org/pdf/2404.05904?

Uncertainty Quantification in Retrieval Augmented Question Answering (hallucinations in RAG QA via uncertainty)
https://arxiv.org/pdf/2502.18108?",,134,,,7jQHbSVwDK,not_in_pool_after_cutoff,Uncertainty Quantification in Retrieval Augmented Question Answering
"The survey is very much focused on generative models and misses on some interesting papers that are more focused on learning representations and world models rather than generating pixels:

 * GAIA-1: A Generative World Model for Autonomous Driving, https://arxiv.org/abs/2309.17080. This paper presents in my opinion one of the most interesting auto-regressive world models. The model is trained on unlabelled driving data and can predict many time-consistent frames into the future starting from a context.

 * The AIM serie: Scalable Pre-training of Large Autoregressive Image Models, https://arxiv.org/abs/2401.08541, Multimodal Autoregressive Pre-training of Large Vision Encoders, https://arxiv.org/abs/2411.14402. These papers demonstrate the power of self-supervised learning and auto-regressive models to learn strong visual representations.",W4387294122,135,0.0,164,kZbLRG4FbS,pool_candidate,GAIA-1: A Generative World Model for Autonomous Driving
"The survey is very much focused on generative models and misses on some interesting papers that are more focused on learning representations and world models rather than generating pixels:

 * GAIA-1: A Generative World Model for Autonomous Driving, https://arxiv.org/abs/2309.17080. This paper presents in my opinion one of the most interesting auto-regressive world models. The model is trained on unlabelled driving data and can predict many time-consistent frames into the future starting from a context.

 * The AIM serie: Scalable Pre-training of Large Autoregressive Image Models, https://arxiv.org/abs/2401.08541, Multimodal Autoregressive Pre-training of Large Vision Encoders, https://arxiv.org/abs/2411.14402. These papers demonstrate the power of self-supervised learning and auto-regressive models to learn strong visual representations.",,135,,,kZbLRG4FbS,not_in_pool_after_cutoff,Scalable Pre-training of Large Autoregressive Image Models
"The survey is very much focused on generative models and misses on some interesting papers that are more focused on learning representations and world models rather than generating pixels:

 * GAIA-1: A Generative World Model for Autonomous Driving, https://arxiv.org/abs/2309.17080. This paper presents in my opinion one of the most interesting auto-regressive world models. The model is trained on unlabelled driving data and can predict many time-consistent frames into the future starting from a context.

 * The AIM serie: Scalable Pre-training of Large Autoregressive Image Models, https://arxiv.org/abs/2401.08541, Multimodal Autoregressive Pre-training of Large Vision Encoders, https://arxiv.org/abs/2411.14402. These papers demonstrate the power of self-supervised learning and auto-regressive models to learn strong visual representations.",,135,,,kZbLRG4FbS,not_in_pool_after_cutoff,Multimodal Autoregressive Pre-training of Large Vision Encoders
"this paper missed citations of a large portion of existing related survey papers. For example,
 - Ji, Jiaming, et al. ""Ai alignment: A comprehensive survey."" arXiv preprint arXiv:2310.19852 (2023).
 - Chua, Jaymari, et al. ""Ai safety in generative ai large language models: A survey."" arXiv preprint arXiv:2407.18369 (2024).
 - Wu, Caesar, Yuan-Fang Lib, and Pascal Bouvry. ""Survey of trustworthy AI: a meta decision of AI."" arXiv preprint arXiv:2306.00380 (2023).
 - Golda, Abenezer, et al. ""Privacy and security concerns in generative AI: a comprehensive survey."" IEEE Access (2024).",,136,,,fU4VJyaMY7,not_in_pool_after_cutoff,"Ji, Jiaming, et al. ""Ai alignment: A comprehensive survey."" arXiv preprint arXiv:2310.19852 (2023)."
"this paper missed citations of a large portion of existing related survey papers. For example,
 - Ji, Jiaming, et al. ""Ai alignment: A comprehensive survey."" arXiv preprint arXiv:2310.19852 (2023).
 - Chua, Jaymari, et al. ""Ai safety in generative ai large language models: A survey."" arXiv preprint arXiv:2407.18369 (2024).
 - Wu, Caesar, Yuan-Fang Lib, and Pascal Bouvry. ""Survey of trustworthy AI: a meta decision of AI."" arXiv preprint arXiv:2306.00380 (2023).
 - Golda, Abenezer, et al. ""Privacy and security concerns in generative AI: a comprehensive survey."" IEEE Access (2024).",,136,,,fU4VJyaMY7,not_in_pool_after_cutoff,"Chua, Jaymari, et al. ""Ai safety in generative ai large language models: A survey."" arXiv preprint arXiv:2407.18369 (2024)."
"this paper missed citations of a large portion of existing related survey papers. For example,
 - Ji, Jiaming, et al. ""Ai alignment: A comprehensive survey."" arXiv preprint arXiv:2310.19852 (2023).
 - Chua, Jaymari, et al. ""Ai safety in generative ai large language models: A survey."" arXiv preprint arXiv:2407.18369 (2024).
 - Wu, Caesar, Yuan-Fang Lib, and Pascal Bouvry. ""Survey of trustworthy AI: a meta decision of AI."" arXiv preprint arXiv:2306.00380 (2023).
 - Golda, Abenezer, et al. ""Privacy and security concerns in generative AI: a comprehensive survey."" IEEE Access (2024).",,136,,,fU4VJyaMY7,not_in_pool_after_cutoff,"Wu, Caesar, Yuan-Fang Lib, and Pascal Bouvry. ""Survey of trustworthy AI: a meta decision of AI."" arXiv preprint arXiv:2306.00380 (2023)."
"this paper missed citations of a large portion of existing related survey papers. For example,
 - Ji, Jiaming, et al. ""Ai alignment: A comprehensive survey."" arXiv preprint arXiv:2310.19852 (2023).
 - Chua, Jaymari, et al. ""Ai safety in generative ai large language models: A survey."" arXiv preprint arXiv:2407.18369 (2024).
 - Wu, Caesar, Yuan-Fang Lib, and Pascal Bouvry. ""Survey of trustworthy AI: a meta decision of AI."" arXiv preprint arXiv:2306.00380 (2023).
 - Golda, Abenezer, et al. ""Privacy and security concerns in generative AI: a comprehensive survey."" IEEE Access (2024).",,136,,,fU4VJyaMY7,not_in_pool_after_cutoff,"Golda, Abenezer, et al. ""Privacy and security concerns in generative AI: a comprehensive survey."" IEEE Access (2024)."
It could be useful for the audience to discuss training and large-scale data filtering techniques such as the pipelines described in the MovieGen or Cosmos paper.,,138,,,gApPDrRgc1,not_in_pool_after_cutoff,MovieGen paper
It could be useful for the audience to discuss training and large-scale data filtering techniques such as the pipelines described in the MovieGen or Cosmos paper.,,138,,,gApPDrRgc1,not_in_pool_after_cutoff,Cosmos paper
"In the Data Processing Pipeline section, the referenced literature is relatively old, and the authors could consider introducing more recent works on video generation processes, such as Wan [1] and Hunyuan [2].",,138,,,6aVee1OBoo,not_in_pool_after_cutoff,Wan: Open and Advanced Large-Scale Video Generative Models
"In the Data Processing Pipeline section, the referenced literature is relatively old, and the authors could consider introducing more recent works on video generation processes, such as Wan [1] and Hunyuan [2].",,138,,,6aVee1OBoo,not_in_pool_after_cutoff,Hunyuan-Large: An Open-Source MoE Model with 52 Billion Activated Parameters by Tencent
"However, several billion-parameter or otherwise notable dLLMs covered by Li et al. (2025f, Aug 2025) are absent here: LLaDA-MoE[1], UltraLLaDA[2], D-DiT[3].",,139,,,9yUw388G1w,not_in_pool_after_cutoff,LLaDA-MoE
"However, several billion-parameter or otherwise notable dLLMs covered by Li et al. (2025f, Aug 2025) are absent here: LLaDA-MoE[1], UltraLLaDA[2], D-DiT[3].",,139,,,9yUw388G1w,not_in_pool_after_cutoff,UltraLLaDA
"However, several billion-parameter or otherwise notable dLLMs covered by Li et al. (2025f, Aug 2025) are absent here: LLaDA-MoE[1], UltraLLaDA[2], D-DiT[3].",,139,,,9yUw388G1w,not_in_pool_after_cutoff,D-DiT
"Limited coverage of recent works: The PEFT serving system parts could be improved by including other recent works, such as dLora (OSDI 2024). This would ensure that the survey remains up-to-date and comprehensive.",,144,,,pl4vU7dDCP,not_in_pool_after_cutoff,dLora (OSDI 2024)
"the paper does miss citations. Two of the papers I can think of are 'StyleGAN-V: A Continuous Video Generator with the Price, Image Quality and Perks of StyleGAN2 Ivan Skorokhodov, Sergey Tulyakov, Mohamed Elhoseiny' and 'INR-V: A Continuous Representation Space for Video-based Generative Tasks Bipasha Sen, Aditya Agarwal, Vinay P Namboodiri, C. V. Jawahar'.",,145,,,z8Xdl8QTAo,not_in_pool_after_cutoff,"StyleGAN-V: A Continuous Video Generator with the Price, Image Quality and Perks of StyleGAN2"
"the paper does miss citations. Two of the papers I can think of are 'StyleGAN-V: A Continuous Video Generator with the Price, Image Quality and Perks of StyleGAN2 Ivan Skorokhodov, Sergey Tulyakov, Mohamed Elhoseiny' and 'INR-V: A Continuous Representation Space for Video-based Generative Tasks Bipasha Sen, Aditya Agarwal, Vinay P Namboodiri, C. V. Jawahar'.",,145,,,z8Xdl8QTAo,not_in_pool_after_cutoff,INR-V: A Continuous Representation Space for Video-based Generative Tasks
"I think that the authors should consider citing these three papers: https://arxiv.org/abs/2401.05566, https://arxiv.org/abs/2407.15549, and https://arxiv.org/abs/2404.14461.",,148,,,73JuYbENIk,not_in_pool_after_cutoff,https://arxiv.org/abs/2401.05566
"I think that the authors should consider citing these three papers: https://arxiv.org/abs/2401.05566, https://arxiv.org/abs/2407.15549, and https://arxiv.org/abs/2404.14461.",,148,,,73JuYbENIk,not_in_pool_after_cutoff,https://arxiv.org/abs/2407.15549
"I think that the authors should consider citing these three papers: https://arxiv.org/abs/2401.05566, https://arxiv.org/abs/2407.15549, and https://arxiv.org/abs/2404.14461.",,148,,,73JuYbENIk,not_in_pool_after_cutoff,https://arxiv.org/abs/2404.14461
There are a handful of papers to cite related to this including https://proceedings.mlr.press/v139/hayase21a.html.,,148,,,73JuYbENIk,not_in_pool_after_cutoff,https://proceedings.mlr.press/v139/hayase21a.html
Missing related work: HOUDINI [1] is an earlier work that combines individual neural networks as sub-modules and learn to solve complex tasks.,,149,,,3s3h4YoxUQ,not_in_pool_after_cutoff,Houdini: Lifelong learning as program synthesis
The paper may want to discuss the recent empirical work of Skill-Mix (https://arxiv.org/abs/2310.17567) and corresponding theoretical work (https://arxiv.org/abs/2307.15936) that aim to quantify compositional learning for LLM's,,149,,,Z9sgvuKTPl,not_in_pool_after_cutoff,Skill-Mix (https://arxiv.org/abs/2310.17567)
The paper may want to discuss the recent empirical work of Skill-Mix (https://arxiv.org/abs/2310.17567) and corresponding theoretical work (https://arxiv.org/abs/2307.15936) that aim to quantify compositional learning for LLM's,,149,,,Z9sgvuKTPl,not_in_pool_after_cutoff,corresponding theoretical work (https://arxiv.org/abs/2307.15936)
The paper does not cite the SSL 'cookbook' by the META team (https://arxiv.org/abs/2304.12210) which is another large survey.,,150,,,teQHrTKaRg,not_in_pool_after_cutoff,https://arxiv.org/abs/2304.12210 (SSL cookbook)
Some recent papers used SSL for 2D visualisation -- e.g. https://arxiv.org/abs/2402.14566,,150,,,teQHrTKaRg,not_in_pool_after_cutoff,https://arxiv.org/abs/2402.14566
"Section 3.6.2: this is the only subsection in section 3 where I know the literature a little bit, and I found some clear omissions, e.g. https://www.biorxiv.org/content/10.1101/2023.08.22.554251v1 or https://arxiv.org/abs/2212.04690.",,150,,,teQHrTKaRg,not_in_pool_after_cutoff,https://www.biorxiv.org/content/10.1101/2023.08.22.554251v1
"Section 3.6.2: this is the only subsection in section 3 where I know the literature a little bit, and I found some clear omissions, e.g. https://www.biorxiv.org/content/10.1101/2023.08.22.554251v1 or https://arxiv.org/abs/2212.04690.",,150,,,teQHrTKaRg,not_in_pool_after_cutoff,https://arxiv.org/abs/2212.04690
"I think it at least needs a passing mention of how transformers can be used for the task - an encoder maps the data to a latent representation, and on the decoder side, we could use it for map/lane estimation tasks e.g. [1]",,152,,,2yHsHf4xur,not_in_pool_after_cutoff,https://arxiv.org/abs/2312.16108
([R1-R3] are all important works in this subfield but they are not mentioned at all in this survey.),,152,,,D12ocnHSAQ,not_in_pool_after_cutoff,SemanticFusion: Dense 3D semantic mapping with convolutional neural networks
([R1-R3] are all important works in this subfield but they are not mentioned at all in this survey.),,152,,,D12ocnHSAQ,not_in_pool_after_cutoff,Conceptfusion: Open-set multimodal 3d mapping
([R1-R3] are all important works in this subfield but they are not mentioned at all in this survey.),,152,,,D12ocnHSAQ,not_in_pool_after_cutoff,Hierarchical Open-Vocabulary 3D Scene Graphs for Language-Grounded Robot Navigation
"Some references are listed below but not exhaustive [1,2,3] just to provide a pointer.",,153,,,aU9AdM6H9p,not_in_pool_after_cutoff,"Zanella, Luca, et al. ""Harnessing large language models for training-free video anomaly detection."" CVPR, 2024"
"Some references are listed below but not exhaustive [1,2,3] just to provide a pointer.",,153,,,aU9AdM6H9p,not_in_pool_after_cutoff,"Zanella, Luca, et al. ""Delving into clip latent space for video anomaly recognition."" Computer Vision and Image Understanding 249 (2024): 104163"
"Some references are listed below but not exhaustive [1,2,3] just to provide a pointer.",,153,,,aU9AdM6H9p,not_in_pool_after_cutoff,"Zhang, Huaxin, et al. ""Holmes-vau: Towards long-term video anomaly understanding at any granularity."" CVPR, 2025"
"it would be helpful for the authors to update the final version with recent publications, as this is an evolving field. Suggested papers include: [1] Hybrid LLM: Cost-Efficient and Quality-Aware Query Routing, ICLR 2024. [2] Harnessing the Power of Multiple Minds: Lessons Learned from LLM Routing. [3] RouterBench: A Benchmark for Multi-LLM Routing System. [4] RouterDC: Query-Based Router by Dual Contrastive Learning for Assembling Large Language Models, NeurIPS 2024.",,154,,,LCU4aGAktV,not_in_pool_after_cutoff,"Hybrid LLM: Cost-Efficient and Quality-Aware Query Routing, ICLR 2024"
"it would be helpful for the authors to update the final version with recent publications, as this is an evolving field. Suggested papers include: [1] Hybrid LLM: Cost-Efficient and Quality-Aware Query Routing, ICLR 2024. [2] Harnessing the Power of Multiple Minds: Lessons Learned from LLM Routing. [3] RouterBench: A Benchmark for Multi-LLM Routing System. [4] RouterDC: Query-Based Router by Dual Contrastive Learning for Assembling Large Language Models, NeurIPS 2024.",,154,,,LCU4aGAktV,not_in_pool_after_cutoff,Harnessing the Power of Multiple Minds: Lessons Learned from LLM Routing
"it would be helpful for the authors to update the final version with recent publications, as this is an evolving field. Suggested papers include: [1] Hybrid LLM: Cost-Efficient and Quality-Aware Query Routing, ICLR 2024. [2] Harnessing the Power of Multiple Minds: Lessons Learned from LLM Routing. [3] RouterBench: A Benchmark for Multi-LLM Routing System. [4] RouterDC: Query-Based Router by Dual Contrastive Learning for Assembling Large Language Models, NeurIPS 2024.",,154,,,LCU4aGAktV,not_in_pool_after_cutoff,RouterBench: A Benchmark for Multi-LLM Routing System
"it would be helpful for the authors to update the final version with recent publications, as this is an evolving field. Suggested papers include: [1] Hybrid LLM: Cost-Efficient and Quality-Aware Query Routing, ICLR 2024. [2] Harnessing the Power of Multiple Minds: Lessons Learned from LLM Routing. [3] RouterBench: A Benchmark for Multi-LLM Routing System. [4] RouterDC: Query-Based Router by Dual Contrastive Learning for Assembling Large Language Models, NeurIPS 2024.",,154,,,LCU4aGAktV,not_in_pool_after_cutoff,"RouterDC: Query-Based Router by Dual Contrastive Learning for Assembling Large Language Models, NeurIPS 2024"
Some recent MoE-based model merging works [1-5] can be considered for citations and discussions. The authors need to further check other recent literature.,,154,,,LxXGacJgV6,not_in_pool_after_cutoff,Adapting Foundation Models via Training-free Dynamic Weight Interpolation.
Some recent MoE-based model merging works [1-5] can be considered for citations and discussions. The authors need to further check other recent literature.,,154,,,LxXGacJgV6,not_in_pool_after_cutoff,Efficient and effective weight-ensembling mixture of experts for multi-task model merging.
Some recent MoE-based model merging works [1-5] can be considered for citations and discussions. The authors need to further check other recent literature.,,154,,,LxXGacJgV6,not_in_pool_after_cutoff,Smile: Zero-shot sparse mixture of low-rank experts construction from pre-trained foundation models.
Some recent MoE-based model merging works [1-5] can be considered for citations and discussions. The authors need to further check other recent literature.,,154,,,LxXGacJgV6,not_in_pool_after_cutoff,Self-MoE: Towards Compositional Large Language Models with Self-Specialized Experts.
Some recent MoE-based model merging works [1-5] can be considered for citations and discussions. The authors need to further check other recent literature.,,154,,,LxXGacJgV6,not_in_pool_after_cutoff,Merging Vision Transformers from Different Tasks and Domains.
"There are also some works on using generative models to address causal representation learning that have not been included in the paper, such as LEAP[1], TDRL[2], and so on.",,155,,,9hP1mIHfZV,not_in_pool_after_cutoff,Learning Temporally Causal Latent Processes from General Temporal Data
"There are also some works on using generative models to address causal representation learning that have not been included in the paper, such as LEAP[1], TDRL[2], and so on.",,155,,,9hP1mIHfZV,not_in_pool_after_cutoff,Temporally disentangled representation learning
"While not being actively maintained, the [`disentanglement_lib`](https://github.com/google-research/disentanglement_lib) should at least be mentioned in the ""Open Source Software"" as it has been used in many follow-up work.",,155,,,AlbzFWRcwm,not_in_pool_after_cutoff,disentanglement_lib
"For instance, in [1] offline can be formulated using one-step framework with appropriate approximation.",,156,,,zHn2iKE0LP,not_in_pool_after_cutoff,"Offline Reinforcement Learning with Closed-Form Policy Improvement Operators, ICML23"
"Also, in [1] it was shown that popular homophily measures have certain drawbacks and thus cannot be used to compare homophily levels of different datasets. Moreover, it was shown that homophily is not a good measure to predict the performance of a graph neural network on a given dataset, and an alternative measure is proposed. [1] Platonov O. et al. Characterizing Graph Datasets for Node Classification: Homophily–Heterophily Dichotomy and Beyond. arXiv preprint arXiv:2209.06177, 2022.",,157,,,woOch4DMnS,not_in_pool_after_cutoff,"Platonov O. et al. Characterizing Graph Datasets for Node Classification: Homophily–Heterophily Dichotomy and Beyond. arXiv preprint arXiv:2209.06177, 2022."
"Some references are missing in this paper:
a) This paper did not mention Anthropic's Model Context Protocol (MCP), which is a prevalent work of current agent systems that tries to build the infrastructure for future agentic models. I would suggest the authors to add discussion about this.
b) As ReAct (https://arxiv.org/abs/2210.03629, which I sugget the authors to cite) unifies agent acting with reasoning, LLM (single) agents that interacts with the environment can also utilize inference scaling of standalone LLM methods, such as exploration and search. This is also an area with many works, such as LATS (https://arxiv.org/abs/2310.04406) and RAFA (https://arxiv.org/abs/2309.17382).
c) The paper is missing one line of emerging works in Sec. 3.1.1: many-shot In-Context Learning (ICL; see https://arxiv.org/abs/2404.11018), which aims to increase the number of demonstrations to hundreds and thousands to fully utilize current LLM's growing context length.",,158,,,TYmj6KLx40,not_in_pool_after_cutoff,Anthropic's Model Context Protocol (MCP)
"Some references are missing in this paper:
a) This paper did not mention Anthropic's Model Context Protocol (MCP), which is a prevalent work of current agent systems that tries to build the infrastructure for future agentic models. I would suggest the authors to add discussion about this.
b) As ReAct (https://arxiv.org/abs/2210.03629, which I sugget the authors to cite) unifies agent acting with reasoning, LLM (single) agents that interacts with the environment can also utilize inference scaling of standalone LLM methods, such as exploration and search. This is also an area with many works, such as LATS (https://arxiv.org/abs/2310.04406) and RAFA (https://arxiv.org/abs/2309.17382).
c) The paper is missing one line of emerging works in Sec. 3.1.1: many-shot In-Context Learning (ICL; see https://arxiv.org/abs/2404.11018), which aims to increase the number of demonstrations to hundreds and thousands to fully utilize current LLM's growing context length.",,158,,,TYmj6KLx40,not_in_pool_after_cutoff,ReAct (arXiv:2210.03629)
"Some references are missing in this paper:
a) This paper did not mention Anthropic's Model Context Protocol (MCP), which is a prevalent work of current agent systems that tries to build the infrastructure for future agentic models. I would suggest the authors to add discussion about this.
b) As ReAct (https://arxiv.org/abs/2210.03629, which I sugget the authors to cite) unifies agent acting with reasoning, LLM (single) agents that interacts with the environment can also utilize inference scaling of standalone LLM methods, such as exploration and search. This is also an area with many works, such as LATS (https://arxiv.org/abs/2310.04406) and RAFA (https://arxiv.org/abs/2309.17382).
c) The paper is missing one line of emerging works in Sec. 3.1.1: many-shot In-Context Learning (ICL; see https://arxiv.org/abs/2404.11018), which aims to increase the number of demonstrations to hundreds and thousands to fully utilize current LLM's growing context length.",,158,,,TYmj6KLx40,not_in_pool_after_cutoff,LATS (arXiv:2310.04406)
"Some references are missing in this paper:
a) This paper did not mention Anthropic's Model Context Protocol (MCP), which is a prevalent work of current agent systems that tries to build the infrastructure for future agentic models. I would suggest the authors to add discussion about this.
b) As ReAct (https://arxiv.org/abs/2210.03629, which I sugget the authors to cite) unifies agent acting with reasoning, LLM (single) agents that interacts with the environment can also utilize inference scaling of standalone LLM methods, such as exploration and search. This is also an area with many works, such as LATS (https://arxiv.org/abs/2310.04406) and RAFA (https://arxiv.org/abs/2309.17382).
c) The paper is missing one line of emerging works in Sec. 3.1.1: many-shot In-Context Learning (ICL; see https://arxiv.org/abs/2404.11018), which aims to increase the number of demonstrations to hundreds and thousands to fully utilize current LLM's growing context length.",,158,,,TYmj6KLx40,not_in_pool_after_cutoff,RAFA (arXiv:2309.17382)
"Some references are missing in this paper:
a) This paper did not mention Anthropic's Model Context Protocol (MCP), which is a prevalent work of current agent systems that tries to build the infrastructure for future agentic models. I would suggest the authors to add discussion about this.
b) As ReAct (https://arxiv.org/abs/2210.03629, which I sugget the authors to cite) unifies agent acting with reasoning, LLM (single) agents that interacts with the environment can also utilize inference scaling of standalone LLM methods, such as exploration and search. This is also an area with many works, such as LATS (https://arxiv.org/abs/2310.04406) and RAFA (https://arxiv.org/abs/2309.17382).
c) The paper is missing one line of emerging works in Sec. 3.1.1: many-shot In-Context Learning (ICL; see https://arxiv.org/abs/2404.11018), which aims to increase the number of demonstrations to hundreds and thousands to fully utilize current LLM's growing context length.",,158,,,TYmj6KLx40,not_in_pool_after_cutoff,many-shot In-Context Learning (arXiv:2404.11018)
"I think the introduction of the high-level motivation of RLOO and GRPO (and other possible RL algorithms to add, such as DAPO (https://arxiv.org/abs/2503.14476)) could be improved.",,158,,,TYmj6KLx40,not_in_pool_after_cutoff,DAPO (arXiv:2503.14476)
"A relevant survey that seems to be missing is ""A Comprehensive Survey on Deep Graph Representation Learning.""",,159,,,yee3TAgZ6E,not_in_pool_after_cutoff,A Comprehensive Survey on Deep Graph Representation Learning
There's a gap however in the literature review which jumps from early work directly to LIME and SHAP and the latest LLM-based models without reference to relevant work in the area of neurosymbolic AI and knowledge extraction.,,160,,,1EUuG43kQB,not_in_pool_after_cutoff,https://arxiv.org/pdf/2003.09000
There's a gap however in the literature review which jumps from early work directly to LIME and SHAP and the latest LLM-based models without reference to relevant work in the area of neurosymbolic AI and knowledge extraction.,,160,,,1EUuG43kQB,not_in_pool_after_cutoff,https://arxiv.org/abs/1711.11279
There's a gap however in the literature review which jumps from early work directly to LIME and SHAP and the latest LLM-based models without reference to relevant work in the area of neurosymbolic AI and knowledge extraction.,,160,,,1EUuG43kQB,not_in_pool_after_cutoff,http://www.interpretable-ml.org/nips2017workshop/papers/12.pdf
There's a gap however in the literature review which jumps from early work directly to LIME and SHAP and the latest LLM-based models without reference to relevant work in the area of neurosymbolic AI and knowledge extraction.,,160,,,1EUuG43kQB,not_in_pool_after_cutoff,https://arxiv.org/abs/1908.03020
"This discussion would benefit from a precise definition as to whether 'causal' is intended in the broader or the above narrow sense that can be measured with a fidelity metric, as done in: https://link.springer.com/article/10.1007/s10994-023-06333-w",,160,,,1EUuG43kQB,not_in_pool_after_cutoff,https://link.springer.com/article/10.1007/s10994-023-06333-w
"The last paragraph of the first part of Section 5 says that there is little motivation to leverage LLMs for deductive reasoning in formal hypotheses. That's not strictly so because some work tries to improve LLM's deductive reasoning capabilites, for example, Morishita, T., Morio, G., Yamaguchi, A., & Sogawa, Y. (2023, July). Learning deductive reasoning from synthetic corpus based on formal logic. In International Conference on Machine Learning (pp. 25254-25274). PMLR.",,161,,,mblsuBj6A3,not_in_pool_after_cutoff,"Morishita, T., Morio, G., Yamaguchi, A., & Sogawa, Y. (2023, July). Learning deductive reasoning from synthetic corpus based on formal logic. In International Conference on Machine Learning (pp. 25254-25274). PMLR."
An early paper on functional compositional learning in robotics that the authors may want to include: “Learning modular neural network policies for multi-task and multi-robot transfer” (Devin 2017),,164,,,EdsQtkCSd7,not_in_pool_after_cutoff,Learning modular neural network policies for multi-task and multi-robot transfer (Devin 2017)
"The paper is missing a major related work -- pretrained language or image models in lifelong and compositional learning. While I found one mention of BERT, pretrained models are mainly missing from the survey. Given that they are the main paradigm nowadays, the survey is missing the most up-to-date research stream with the highest practical importance. Several categories that should be included are: few-shot prompting, parameter efficient tuning (p-tuning) in LL [1], and tool use for compositionality [2].",,164,,,gpgZanQCR4,not_in_pool_after_cutoff,"Progressive Prompts: Continual Learning for Language Models. Anastasia Razdaibiedina, Yuning Mao, Rui Hou, Madian Khabsa, Mike Lewis, Amjad Almahairi."
"The paper is missing a major related work -- pretrained language or image models in lifelong and compositional learning. While I found one mention of BERT, pretrained models are mainly missing from the survey. Given that they are the main paradigm nowadays, the survey is missing the most up-to-date research stream with the highest practical importance. Several categories that should be included are: few-shot prompting, parameter efficient tuning (p-tuning) in LL [1], and tool use for compositionality [2].",,164,,,gpgZanQCR4,not_in_pool_after_cutoff,"Toolformer: Language Models Can Teach Themselves to Use Tools. Timo Schick, Jane Dwivedi-Yu, Roberto Dessì, Roberta Raileanu, Maria Lomeli, Luke Zettlemoyer, Nicola Cancedda, Thomas Scialom."
"Also, [this survey](https://arxiv.org/abs/2503.18971) provides a reasonable summary of the area. Additionally, [this](https://arxiv.org/abs/2503.18809) is one recent work that is *very* relevant to a lot of the claims being made in this survey.",,165,,,FU86gpekQ8,not_in_pool_after_cutoff,https://arxiv.org/abs/2503.18971
"Also, [this survey](https://arxiv.org/abs/2503.18971) provides a reasonable summary of the area. Additionally, [this](https://arxiv.org/abs/2503.18809) is one recent work that is *very* relevant to a lot of the claims being made in this survey.",,165,,,FU86gpekQ8,not_in_pool_after_cutoff,https://arxiv.org/abs/2503.18809
"""This setting has broad applications, including protein engineering (Sarkisyan et al., 2016b),"" This citation doesn't concern ML-guided design. I'd cite yang 2019 ""Machine-learning-guided directed evolution for protein engineering"".",,166,,,xrZcEgsXeI,not_in_pool_after_cutoff,yang 2019 'Machine-learning-guided directed evolution for protein engineering'
There are a few key missing citations: 'Combo: Conservative offline model-based policy optimization' and 'Model inversion networks for model-based optimization'.,W3130177876,166,7.179035828490972e-05,22,xrZcEgsXeI,pool_candidate,Combo: Conservative offline model-based policy optimization
There are a few key missing citations: 'Combo: Conservative offline model-based policy optimization' and 'Model inversion networks for model-based optimization'.,,166,,,xrZcEgsXeI,not_in_pool_after_cutoff,Model inversion networks for model-based optimization
